text,aspect,sentiment_label,language
-1,TSEBA MARENA A SEHLOOHO A NAHA,0,sesotho
-1,MOTHO O KHAOTSOE BOTONA LE MENOANA A NTSE A PHELA,-1,sesotho
-1,TONAKHOLO O LOKELA HO BUSA LILEMO TSE HLANO,1,sesotho
-1,SEBINI SEA HOLA KAJENO,1,sesotho
-1,HOSANE HO LEBELETSOE LIKHOHOLA TSE MATLA,-1,sesotho
1,LETONA LE THEOLETSE TSE LING TSA LITŠEBELETSO SECHABENG,1,sesotho
-1,'MUSO O TLO FA LESOLE LE LENG LE LENG M100 000,1,sesotho
0,HO BONOA SETOPO LETAMONG,-1,sesotho
-1,LENANE LA KOMITI EA NAKOANA EA MOKHA O MOCHA,1,sesotho
-1,MOPARAMENTE O BONA MASOBA KATLEHONG EA TONAKHOLO LE 'MUSO OA HAE,-1,sesotho
1,LITABA TSE MONATE,1,sesotho
-1,MONNA O RE BATHO KE LITHOTHO,-1,sesotho
-1,PALO EA BATHO BA SHOELETSENG MORAFONG E NETEFALITSOE,-1,sesotho
1,MONNA EA FUMANOENG MOSALING OA MOTHO LEFISOA M5 000,-1,sesotho
-1,TONAKHOLO O AKHELOA KHOTLA O QOSUOE,-1,sesotho
-1,BATHO BA ROBONG BA TŠOEROE,-1,sesotho
-1,LITABA TSA NAHA LI THATA LI HLOKA 'NETE FELA,-1,sesotho
-1,LITABA TSE MONATE KE TSENA,1,sesotho
1,MOKHETHOA O ITELA BOOTLOANE HO TONAKHOLO,1,sesotho
-1,MAKOLOI A BAETI A TLO NYOLOHA HO TLOHA KA LA 1 TŠITOE 2023,-1,sesotho
-1,SEBAPALI SA BOLO SE PHONYOHA TERONKO,1,sesotho
-1,LE KAJENO LITŠEPISO TSA TONAKHOLO LE LETONA HA LI SO PHETHAHALE,-1,sesotho
1,PHANO EA LIPASA E NTSE E TSAMAEA KA THELLO E KHOLO,1,sesotho
1,BA SEBOKO KA HO NYOLOHA HOA MAKOLOI,-1,sesotho
0,TONAKHOLO O TLO AHA MATLO A BATHO A FEFOHILENG,1,sesotho
1,TONAKHOLO O QALELETSE HO FEPA SECHABA,1,sesotho
1,MOPARAMENTE LE EENA O FUOA BOTONA KE TONAKHOLO,1,sesotho
1,TONAKHOLO O TLO ABELA SECHABA LIJO-THOLLO,1,sesotho
0,MOHANYETSI E MOHOLO OA 'MUSO O TLO QHAUTSOA,1,sesotho
1,TONAKHOLO O TSOELAPELE KA MOSEBETSI O MOTLE,1,sesotho
1,SEHLOPHA SA BOLO SE BOELA E NGOLA NALANE E MPE,-1,sesotho
-1,TONAKHOLO O TLO FANA KA LINKU HO BALISANA BA 108,1,sesotho
-1,TONAKHOLO O KHENOLA MOPARAMENTE HAPE,-1,sesotho
-1,MOPARAMENTE OA MEHLENG O SHAPELA TONAKHOLO LEHOFI,1,sesotho
1,KE LESHANO HORE PHATHI E TLO KOPANELA PUSO,-1,sesotho
-1,MOPARAMENTE O BOELA A TSOA PUO KA TSA HO TŠOAROA HA HAE,-1,sesotho
0,MOPARAMENTE O JOOA KE LINTA TSA KOBO EA HAE,-1,sesotho
-1,SEPOLESA SE TLOLA MOLAO KA HO TŠOARA MOPARAMENTE,-1,sesotho
-1,MOPARAMENTE OA BOHANYETSI O TŠOEROE,-1,sesotho
-1,'MOLAI OA MOPARAMENTE OA MEHLENG O FUOA BEILE,-1,sesotho
-1,MOPARAMENTE O KENYA SEPOLESA SESOLE LE MAUTLOELA TSELENG,1,sesotho
1,'MUSO O TSOILE BOHANYETSI SHIBOBO,1,sesotho
1,HA U TŠABA U TŠABE MOPARAMENTE,-1,sesotho
-1,MAPARAMENTE A MANG A PHATHI A LELEKUOE,-1,sesotho
1,MOPARAMENTE OA PHATHI O BEHA TONAKHOLO POOANENG,-1,sesotho
-1,PULA KE MAHLOPHA A SENYA,-1,sesotho
-1,MOFU O SHAPILE MOSALI OA MOTHO HA A TLA BOLAOA,-1,sesotho
-1,MAEMONG A NEPAHETSENG HA HO MOTHO EA KA JANG NAMA EA NTJA,-1,sesotho
1,RAMOPHATHO O TŠOEROE KAMOR'A HO LEKA HO BOLAEA EO PELAELO ELENG HORE O BUILE KOMA,-1,sesotho
-1,HO UTLOAHALA HO KHABOLA HA SETHUNYA BOIPILETSONG BA BAITHUTI BA SEKOLO SE PHAHAMENG,-1,sesotho
-1,MOSALI O HLAJOA KA THIPA A LE LAPENG BOSIU,-1,sesotho
-1,METSOFE E KHUTLILE E SA KHOLA MAOBANE,-1,sesotho
-1,BALATELI BA PHATHI BA BATLA MOETAPELE A LELEKE MOPARAMENTE OA BOHLANO,-1,sesotho
-1,HO PHETHILE MAPARAMENTE A PHATHI A TEBETSOE BOPHELO BOHLE,-1,sesotho
-1,TONAKHOLO O PHELISA SECHABA KA LESHANO,-1,sesotho
-1,UTLOA TSA LETONA LA 'MUSO O LITULONG KAJENO,0,sesotho
1,MATLO A 20 A TLALEHOA A FEFOHILE,-1,sesotho
-1,HO TLOSOA BOTO EA PHATHI OFISING,-1,sesotho
-1,MOPARAMENTE O LO LOKISA TSELA EA HABO KA SONTAHA,1,sesotho
1,LETONA LE NETEFATSA HORE COVID-19 E FUMANOE BANENG BA SEKOLO,-1,sesotho
-1,'MUSO O QALELETSE HO LOKISA LITSELA,1,sesotho
-1,FEME E 'NGOE E BEHELLA BASEBELETSI KAOFELA KA THOKO,-1,sesotho
-1,MOETAPELE OA PHATHI O PHAPHATHA TONAKHOLO LEHETLA,1,sesotho
-1,MONNA O OELOA KE TSIETSI,-1,sesotho
-1,TSEBA NA MOKHOTHALETSUOA O HAKAE KA MOTEBO OA SEPOLESA,0,sesotho
1,SEPOLESA SE NTSE SE SO FIHLE MOO NTJA E FUMANOENG E MOMME SETOTSOANA,-1,sesotho
-1,MOPARAMENTE O PEPESA BOFOKOLI BA TONAKHOLO,-1,sesotho
0,LITABA TSE MONATE HO MATAOA,1,sesotho
-1,LINTLHA-KHOLO POLELONG EA MOETAPELE SEBOKENG SA MOKHA OA POLOTIKI,0,sesotho
1,LITABA TSE MONATE HO SECHABA,1,sesotho
-1,MOPARAMENTE O PHOQA TONAKHOLO,-1,sesotho
-1,MOLIMO KE MOLATELI OA SEHLOPHA SA BOLO,1,sesotho
-1,TONAKHOLO O LOKELA HO OELA,-1,sesotho
-1,QETO EA HO NYOLLA LITEFISO TSA METSI E TLA PHATLALATSOA KAJENO,-1,sesotho
-1,UTLOA LITABA TSA MOPARAMENTE KA TONAKHOLO,0,sesotho
-1,BATHO BA ROBONG BA TŠOEROE,-1,sesotho
-1,BATHO BA TLA TSAMAEA BOSIU BA TLO AHLOLOA M10 000,-1,sesotho
1,KE BATHO BA 54 BA TIMETSENG SELEMONG SENA,-1,sesotho
-1,TONAKHOLO O TLO NTŠA POLELO MABAPI LE LEFU LA SEBOHOLI,-1,sesotho
-1,SEBOHOLI SE THUNTSOE SE FELETSOE KE BOPHELO,-1,sesotho
0,MOKOETLISI OA SEHLOPHA SA BOLO O FUMANE KOTSI O LEMETSE,-1,sesotho
1,NA BOPHELO BA TONAKHOLO BO TSIETSING,-1,sesotho
1,SETHO SA PHATHI SE SEBOKO KE 'MUSO O LITULONG,-1,sesotho
-1,MOKULI O LLA SEBOKO SE HLOMOLANG PELO SEPETLELE,-1,sesotho
-1,HA HO BAOKI SEPETLELE,-1,sesotho
-1,BAOKI BA IPELAETSA KHAHLANONG LE 'MUSO,-1,sesotho
-1,METSOFE E SE E TLO KHOLA KHOELING ENA,1,sesotho
0,HO NTSENG HO NA HA SE PULA KE MEEOKHO EA BALATELI BA SEHLOPHA SA BOLO,-1,sesotho
-1,MAQHEKU LE MAQHEKOANA HA A TLO KHOLA,-1,sesotho
0,'MUSO O QALELETSE HO PATALA BAOKI,1,sesotho
-1,SECHABA SE TLO SULAFALLOA BOESA,-1,sesotho
0,HO TLA THAKHOLOA CHELETE E NCHA BOESA,1,sesotho
-1,LIBINI LI TLO KOPANELA PINA,1,sesotho
-1,LITŠEPISO TSA TONAKHOLO LI FETOHA LEFELA,-1,sesotho
0,MONNA OA HO TŠELA CHILISI BOTHONG BA MOSALI O HLOLEHA HO HLAHA KHOTLA,-1,sesotho
-1,MONNA O TŠELA CHILISI KA BOTHONG BA MOSALI OA HAE,-1,sesotho
0,TONAKHOLO O HLOLEHA HO BUSA O TSEKA LINAMA,-1,sesotho
-1,TUMELO EA CHRIST KE EONA E KHOLO HO FETA LITUMELO TSOHLE LEFATŠENG,1,sesotho
1,SETHO SA PHATHI SE ITOMA MOHATLA,-1,sesotho
1,'MUSO O RERETSOE BOBE,-1,sesotho
1,HA KE TLO NYEKA TONAKHOLO,-1,sesotho
1,LITABA TSE MONATE HO SECHABA SOHLE,1,sesotho
1,LINTLHA-KHOLO POLELONG EA TONAKHOLO,0,sesotho
-1,PHAFA E BALEHISA MOKOETLISI,-1,sesotho
-1,SEBINI SE TLO NTŠA LETLAPA LE LECHA,1,sesotho
-1,CHELETE EA LIPAMPIRI LE EA TŠEPE LI TLO FELISOA,0,sesotho
-1,BABELAELLOA POLAONG EA SEBINI BA TŠOEROE,1,sesotho
-1,KOLOI E CHAISA NGOANA KAJENO,-1,sesotho
-1,LITABANE LI TLO BOLLA TORONKONG,-1,sesotho
-1,LIPALEMA LI ATLEHISA KHOEBO EA LIKOENA,-1,sesotho
-1,THELEFISHINI EA NAHA E BETSA KHOBA KAJENO,0,sesotho
-1,MOTSE O BETSA KHOBA BASALI BA HLATSOA LIKOLOI BA HLOBOTSE,-1,sesotho
-1,MONNA EA ILENG A BOLAEA MOSALI O PHONYOHA LEFU LA SETHUNYA,1,sesotho
-1,NTLO E QETA HO HATA BATHO E LIHELOA KE PULA,-1,sesotho
-1,KAJENO TONAKHOLO O ABELA LIKHUTSANA LIMPHO KA CHELETE EA HAE EA MOKHOLO E M600 000,1,sesotho
-1,HO QHOMA LEFU LE LECHA,-1,sesotho
-1,MOKHOSI,-1,sesotho
-1,KE TSOA KEREKENG KE FUMANA NTATE E SE ELE MOFU,-1,sesotho
-1,HO FUMANOE SETOPO SA MOSALI KA LENGOPENG,-1,sesotho
-1,MONNA O QOSOA KA PETO EA MORALI OA HAE,-1,sesotho
-1,BASALI BA BOLAEA BANNA BA BA NANYETSA,-1,sesotho
-1,MOSHANYANA O BOLAELOA M10,-1,sesotho
-1,MORALI O FUMANA 'M'AE A BOLAUOE,-1,sesotho
-1,LESEA LE KHEHLETSA MAKOEBA KAMORA HO METOA KE RAKHALI OA LONA,-1,sesotho
-1,TONAKHOLO O REKETSE BALISANA LINKU,1,sesotho
1,MONNA O QETA HO THUNYA MOSALI OA HAE,-1,sesotho
-1,MONNA O FETOHA MOSALI KAMORA HO TSUNYA-TSUNYANA LE MOHALA OA LETSOHO,-1,sesotho
-1,UTLOA O NE A KHAKELLELITSE MALI A LESEA KA NKHO,-1,sesotho
-1,NGOANANA O APARA MAKHASI A MOROHO ORE MOJOLO OA MO NYESA,-1,sesotho
-1,NGOANA O NYAMETSE,-1,sesotho
-1,MOFU O AMOHELA LENGOLO LA HAE,-1,sesotho
-1,TONAKHOLO O KHETHA EKETSA LENANE LA MACANSELARA A LIVOTE LI TLAASE,1,sesotho
-1,BA MO SENYA LETLALO KA LEBAKA LA MONNA,-1,sesotho
-1,THIBANG LESHOLU LE QETA HO UTSOA PHONE,-1,sesotho
-1,BA QHAQHOLLA LEBITLA LA MOFU,-1,sesotho
-1,SEBOHOLI SERE SE MAKHATHENG A LEFU,-1,sesotho
-1,O QOSOA KA POLAO LE HO CHESA 'M'AE,-1,sesotho
-1,MONNA O NYA MATSETE KAMORA HO BOLAEA MOSALI EA RENG O NE A MOFA HA MONATE,-1,sesotho
-1,MOHLANKANA O NOA MAFURA PHEHANG A HLOBOTSE LEHLOENG,1,sesotho
-1,BAAHI BA EPOLA LITOPO BA REKISA MASAPO A TSONA,-1,sesotho
-1,KE BETILOE KE NTATE OA MOKHOTSI OAKA JOALE KE TŠABA HO MO TŠOARISA,-1,sesotho
-1,TLHALOSO EA MAEMO A LEHOLIMO,0,sesotho
-1,BAITHUTI BA SEKOLO SE PHAHAMENG BA ISA SEKOLO LEKHOTLENG,-1,sesotho
1,TLOKOTSI,-1,sesotho
-1,MOSALI OAKA O BOPA MEKOTLA KA PAPA,1,sesotho
-1,MONNA O LEFA 30 000 KAMORA HO TŠELA MOTLAKASE KA MOROTO,-1,sesotho
-1,KOLOI E QETA HO PHETHOHA KA BAETI LEHLOENG,-1,sesotho
1,HO FUMANOA SETOPO SE TJAPALLETSE KA HARA METSI LE LEKOALI LA MALI,-1,sesotho
1,BATHO BA CHELLA KA FEMENG,-1,sesotho
-1,HO FUMANOA LITOPO KA HARA MOFILIBITHI OA MOHLOA,-1,sesotho
-1,TLHOKOMELISO KOTSI EA EXTENSION CORD,-1,sesotho
1,MONNA O FA NGOANA CHEFO EA TERENKI,-1,sesotho
-1,NGOANA O BETELOA MAHLONG A 'MAE KE NYATSI,-1,sesotho
-1,BONA MOO MOITHUTI OA SEKOLO A NENG A HLOKAHALLE TENG,-1,sesotho
-1,MOSALI O HLAHA KHOTLA KA POLAO EA MONNA OA HAE,-1,sesotho
-1,BONA SEKOTI SA NTLOANA SEO NGOANA EA LILEMO LI 'NE A OETSENG HO SONA,-1,sesotho
-1,TSA MORAO-RAO KA MOITHUTI EA BOLAILOENG KA CHEFO JOALENG,-1,sesotho
-1,MOSALI EA BOLAEANG O TŠOEROE,-1,sesotho
-1,THOBALANO HAESA 'NATEFELA SEKE BOHOLA FELA HORE MONNA A NRATE,-1,sesotho
-1,MOSALI O RE O TSOA MANTLE KA BOTHONG,-1,sesotho
-1,MOSALI EA HOEBANG KA 'MELE O RE  O KHATHETSE O KOPA MONNA,1,sesotho
-1,NGOANANA EA ILENG A BETOA HABELI O PHETA MASISA-PELO,-1,sesotho
-1,UTLOA MANTSOE A BARA BA BARARO BA MOFU PHUPUNG KAJENO,0,sesotho
-1,MONNA O CHATA LE NYATSI MAHLONG A MOSALI LE NGOANA,-1,sesotho
-1,MONNA O THUNYETSOANG LEBALENG HA HAE,-1,sesotho
-1,MOHLASELI OA SEPETLELE O HLAHA KHOTLA,-1,sesotho
-1,MONNA O QOSOA KA POLAO EA BATHO BA BABELI A NTSE A LE BEILING EA POLAO EA BATHO BA BANG BA BABELI,-1,sesotho
-1,BASE BA SUNTSE LEPOLESA SEETA BAITHUTI BA SEKOLO,-1,sesotho
-1,NTJA E FUOA LENGOLO LA JUNIFESITHI,1,sesotho
-1,MONNA O CHOATLILE LEHO TABOLA LIBUKA TSA BAKULI SEPETLELE KA LE RENG BAOKI BA BOLAILE NTAT'AE,-1,sesotho
-1,BANNA BA NKELA E MONG MOSALI KA SETHUNYA,-1,sesotho
-1,MOSALI O NEHELA MOEA A NTSE A BETOA,-1,sesotho
1,MOKHATLO O THOPHOTHETSA THUTO KA TLHEKEFETSO,1,sesotho
-1,MOLOI O TŠOAROA HOTELENG,-1,sesotho
-1,MAPOLESA A THIBELOA HO EA JOALENG BOSIU,1,sesotho
1,SESOLE SE FANA KA THUTO E MATLA SEKOLONG,1,sesotho
-1,BACHA BA MOKHA OA POLOTIKI BA RE MOLAO O MASOBA,-1,sesotho
-1,SENOKOANE SE AHLOLOA LILEMO TSE 54,1,sesotho
-1,LEKHOTLA LE LAELA SEPOLESA HO PHENYEKOLLA HA MOPARAMENTE,1,sesotho
-1,MOSALI KOETELA LESOLE,-1,sesotho
-1,LETONA LA MEHLENG LE QOSOA KA LESHANO,-1,sesotho
-1,KOMPONE EA MARANGRANG E QOSOA KA HO SEBELISA FITIEO EA MONNA,-1,sesotho
-1,MASOLE A HLAHA KA LIMAKATSO KHOTLA,0,sesotho
-1,LESOLE LE FANA KA BOPAKI NYEOENG EA NYATSI,-1,sesotho
1,LETONA LA MEHLENG LE HLOLOA HO LEFA SEKOLOTO,-1,sesotho
-1,MOSALI O AHLOLOA LILEMO TSE HLANO KA HO NTŠA MPA,-1,sesotho
-1,'MUSO O THAKHOLA TŠEBETSO EA HO RULELA MATLO A FEFOHILENG,1,sesotho
1,MATICHERE A FANYEHA MOHOANTO,1,sesotho
-1,MATICHERE A HOANTELA TONAKHOLO LABORARO,-1,sesotho
-1,CHELETE E UTSUOENG E EA FUMANOA,1,sesotho
1,LEKHOTLA LA MATONA LEA ATOLOSOA,1,sesotho
1,LETOFE LE FETOLA MAOA,0,sesotho
-1,MOPARAMENTE O TSOA PUO KA TŠOARO EA HAE,1,sesotho
-1,LITJEO TSA LIKOLOI TSA SEPOLESA LIA HLALOSOA,1,sesotho
-1,TLALEHO EA SEPOLESA KA LEFU LA MOSALI,-1,sesotho
1,NYEOE EA BOBELI EA HO THIBELA MOPARAMENTE HO BA TONAKHOLO,-1,sesotho
1,'MUSO O MATHELA SADC,1,sesotho
-1,BATHO BA 4 BA LO BOLLA TERONKONG,-1,sesotho
-1,'MUSO O NEHELANA KA LIKOLOI HO SEPOLESA,1,sesotho
-1,MAPOLESA A MABELI A TEBETSOE,-1,sesotho
-1,LEKHOTLA LE AHLOLELA MOKHA NAKOANA,1,sesotho
-1,LETONA LE PHATLALATSA TABA EA LIPEO LE MANYOLO,0,sesotho
-1,NYEOE EA TŠITŠINYO EA TŠEPO E EA MAMELOA,1,sesotho
-1,MORENA O PHURA LESHOETLA LE MOPAPA,0,sesotho
-1,MOPARAMENTE O FUPUTSOA KA LIPELAELLO TSE THARO,-1,sesotho
-1,PARAMENTE E TŠOHLA TŠOARO EA MOPARAMNTE,1,sesotho
-1,MOPOLOTIKI O RE 'MUSO ONA LE LIPALO TSE LEKANENG HO BUSA,1,sesotho
1,MAFAPHA A TŠIRELETSO A NKILE 'MUSO,-1,sesotho
-1,MOKHETHOA O THIBELA TŠITŠINYO EA HO LIA TONAKHOLO,1,sesotho
-1,TSEBISO E POTLAKILENG,0,sesotho
-1,'MOLAI OA MOPARAMENTE OA MEHLENG O HLAHA KHOTLA,-1,sesotho
1,MOKHATLO O RE SETSI SE PHENYE MONNA MAHAFI,-1,sesotho
1,KOMPONE EA MARANGRANG E BEBOFATSA KAMOHELO EA CHELETE HO TSOA KANTLE HO NAHA,1,sesotho
-1,LEPOLESA LE QOSOA KA POLAO EA MOTHO,-1,sesotho
-1,NAHA LE TIISA LEANO LA TŠIRELETSO EA BOQAPI,1,sesotho
1,HO BOLAUOE MOTHO HAPE,-1,sesotho
-1,MOPOLOTIKI O PHAHLOLA MERERO EA TONAKHOLO EA SEKHUKHU,1,sesotho
1,MAPOLESA A THIBELA MONNA LEKHOTLENG,-1,sesotho
-1,MOKHATLO O THAKHOLA BOITUKISO LIKOLUOENG,1,sesotho
1,MONNA O QOSOA KA HO TLEPETSA MOKHETHOA KA MAJOE,-1,sesotho
-1,KOMPONE EA LITAEMANE E NTŠA PUO KA TLHEKEFETSO EA MOSALI,1,sesotho
-1,'MUSO O NYEHLISA LEKHETHO LA JOALA LE KOAE,1,sesotho
-1,MOSALI O OA NYALA,1,sesotho
-1,NTOA EA MARENA E EA LOELA,-1,sesotho
-1,MONNA OA KA O JOLANA LE BAPOROFETA BA BASALI,-1,sesotho
1,MOSALI O RUTA NGOANA HO ETSA THOBALANO,-1,sesotho
-1,POLELO EA BORABELE E NGALISA BOPHATLALATSI TŠEBETSO,-1,sesotho
-1,BARUTI BA IKAKHETSE KA HARA SESOLE HAPE HISTORI E EA IPHETA,-1,sesotho
-1,UTLOA SEALUMA SE HLAHILENG MOTSENG,-1,sesotho
-1,UTLOA LITABA TSE ETSAHETSENG TOROPONG,0,sesotho
-1,HO HOBE HO MASHOLU,-1,sesotho
-1,MASOLE A KETOLA 'MUSO,-1,sesotho
0,MOOKAMELI  O OELOA KE KOLUOA,-1,sesotho
-1,BANKA E TSEKA HORE BATHO BA JANE MAOTOANA,-1,sesotho
0,MAPOLESA A SETEREKENG A BOLAELA MOTHO LITLAMONG,-1,sesotho
-1,TSEBA KA SENONNORI SA MOLATA SE KA HOLIMO HO MOLAO,-1,sesotho
-1,MOOKAMELI O NGALA LIPOTSONG,-1,sesotho
-1,LESELINYANA LE LEBOHELA MASOLE,1,sesotho
-1,MOOKAMELI O OA PHOTHOLEHA,-1,sesotho
-1,TONAKHOLO O BAKETSE NAHA BOMALIMABE,-1,sesotho
-1,MOOKAMELI  O LOHOTHA HO THEHA  PHATHI E NCHA,0,sesotho
-1,MOOKAMELI O LIHELLETSE MOTLATSI OA TONAKHOLO TORA,-1,sesotho
-1,MOOKAMELI  O JESA LIOFISIRI MAKAKA,-1,sesotho
-1,TSEBA KA BAPOLOTIKI BA FUOENG MOSEBETSI MAKALENG A MUSO,1,sesotho
-1,MOOKAMELI O AMEHA BOSHOLUNG BA LIPHOOFOLO,-1,sesotho
-1,BAOKAMELI BA TSEKA NYATSI,-1,sesotho
-1,SEBOHOLI SE HLASELA 'MUSO,-1,sesotho
-1,MOETAPELE O REKA LIKOLOI TSE PELI TSE NCHA CASH,1,sesotho
-1,MOSEBETSI O HANA HO EA HAE O BATLA HO SHOELLA SESOLENG,-1,sesotho
-1,LEKHOTLA LE PHAHAMENG LE AMEHA POLAONG EA LIPAKI,-1,sesotho
0,PAKI E FETOHELA BAPAKI BA EONA KA KHOTLA,-1,sesotho
-1,MOOKAMELI O SESA KA HARA LEKOALIBA LA BOBOLU,-1,sesotho
-1,BO RASETHUNYA BA LALASA,-1,sesotho
0,MORUTI OA KEREKE O BOLAOA KA HO CHESOA,-1,sesotho
-1,MOTLATSI OA PRESIDENT O TŠOEROE,-1,sesotho
-1,MOKHOENYANA OA LELAPA LA TONAKHOLO O KAKALATSOA KE NYEOE,-1,sesotho
-1,NGOANA EA LILEMO LI 8 O BOLAEA NOHA EA MASUMU KA MENO,1,sesotho
1,SECHABA SE RE TONAKHOLO E THEHE KOMISI EA LIPATLISISO,1,sesotho
-1,PELO EA MORENA E KHUBELU O TSEKA MALEO,-1,sesotho
-1,TSEBA KA BAPOLOTIKI BA UTSOITSENG CHELETE EA BOEA BA LIHOAI,-1,sesotho
-1,MOKHA O PHOQILE SECHABA,-1,sesotho
-1,TONAKHOLO O KOLOTA SECHABA TLHALOSO,-1,sesotho
-1,MASOLE A SHOELLA NTAT'A SELALA,-1,sesotho
-1,BANNA BA BATLOA KA LIPOLAO TSA BATHO,-1,sesotho
-1,MOETAPELE O TŠEHETSA LIKOETA,-1,sesotho
-1,MOETAPELE O QOSA MORENA,-1,sesotho
1,PARAMENTE E TLO BULOA,1,sesotho
-1,'MAMPOLI O SELEBALLETSOE,-1,sesotho
-1,MOOKAMELI  O TŠELA MASOLE KA METSI A BATANG,-1,sesotho
-1,LEKHOTLA LE RE KOMISI E FOSITSE,-1,sesotho
-1,MONNA O AHLOLELOA BOPHELO BOHLE CHANKANENG HABELI,-1,sesotho
-1,PHATHI E HIRILE LIKOLOI TSA BOSHOLU 'MUSONG,-1,sesotho
-1,TONAKHOLO O TOBA MOKHA KA 'NETE,1,sesotho
1,MOOKAMELI KE LEHLABA-PHIEO O LOKELA HORE A TŠOAROE,-1,sesotho
-1,MONNA TORONKONG KA MORA HO HANA HO BITSA SETABANE NGOANANA,-1,sesotho
-1,SETHO SA PHATHI SE BUA MASA-A-KOKOMETSE,-1,sesotho
-1,PHALA EA 'MUSO E HLAPAOLA NAHA,-1,sesotho
-1,MOOKAMELI O LLA KA SEPOLESA,-1,sesotho
-1,MOETAPELE O RE O MOTLOTLO KA SECHABA,1,sesotho
-1,BOLAOLI BO PHOQA MASOLE,-1,sesotho
-1,LITLOKOTSEBE TSA BANNA LI ITSETETSE KA HARA SESOLE,-1,sesotho
-1,MOCHOCHISI O BOLILE JOALO KA LIRUOA,-1,sesotho
-1,LIHLOA LEKHOARA KAHARA PHATHI,-1,sesotho
-1,HO TLA SHOA MOTHO KA MONA,-1,sesotho
-1,MOETAPELE O RE O TLO BULA PARAMENTE,1,sesotho
-1,SECHABA SE SOSOTHELA MOKHA OA LIPOLOTIKI,-1,sesotho
1,MOKHA OA POLOTIKI O RE O TLO KENYA BOTABANE MOLAONG,-1,sesotho
-1,KHATISO E RE LITHO TSA PHATHI LI EA TSEBA KA NYATSI EA MOETAPELE,-1,sesotho
1,6 BILLION MALOTI E NYAMETSENG E BOTSOE PHATHI,-1,sesotho
-1,HO TŠOAROA HOA MOETAPELE KE 'MOMORI O HLOPHISITSOENG,-1,sesotho
-1,MOOKAMELI O MAKALLA HO TŠOAROA HA MOETAPELE,-1,sesotho
1,SECHABA SA MOKHOTLONG SE PHEPHETHELA MOKHOTHALETSUOA,-1,sesotho
-1,TONAKHOLO EA MEHLENG E PHELA MATSOALONG,-1,sesotho
-1,LEKHOTLA LE TJEBELA BOKHOPO BA MOOKAMELI MATJOING,-1,sesotho
0,SEBOHOLI KE LESHOLU,-1,sesotho
-1,LIJO TSA BAKULI SEPETLELE,0,sesotho
-1,MOOKAMELI O BUA LESHANO LE MPIPI KA KA KHOTLA,-1,sesotho
-1,MOETAPELE O HLOHLELLETSA MEFEREFERE SEKOLONG SE SEHOLO,-1,sesotho
-1,PHATHI E BOLISITSE LEKALA HO NKHA HORE PHU,-1,sesotho
-1,NAHA E RE HA E BATLE MOSALI EA TANTŠANG A TSOTSE,-1,sesotho
-1,MOOKAMELI O TSEBA KA MORERO OA POLAO EA LIOFISIRI,-1,sesotho
1,MOHOEBI O HAHA SEKOLO SETEREKNG,1,sesotho
-1,MOOKAMELI O KHANNGOE KE LIPOTSO KA KHOTLA,-1,sesotho
-1,MOOKAMELI O KOPA TŠOARELO,1,sesotho
-1,MOOKAMELI O PATELA LEKHOTLA LITABA TSA HAE,-1,sesotho
-1,MOOKAMELI O ITAHLETSE KA HARA SEKOTI SA LIHELE,-1,sesotho
-1,LETONA LE RE MAFUTSANA A LO CHA LIHELENG KOANA,-1,sesotho
-1,MOOKAMELI KE LEMENEMENE LE FETANG JUDAS ISCARIOT OA BIBELENG,-1,sesotho
-1,OFISIRI E RE MOOKAMELI O BUA LESHANO LE LETALA KA KHOTLA,-1,sesotho
-1,MOETAPELE O TŠEHA BAITŠOKOLI,-1,sesotho
-1,MOOKAMELI O FANYEHA MOLAO OA MOTHEO,-1,sesotho
-1,HO BULOA LEKHOTLA LE PHAHAMENG SETEREKENG,1,sesotho
-1,MOETAPELE O PHOLOSA BOPHELO BA MOITHUTI,1,sesotho
-1,SEBAPALI SE TEBELLOA HO PHINYA HAHOLO LEHO TŠEHA HA QETA,-1,sesotho
-1,MOLULASETULO OA BACHA OA BOLAOA,-1,sesotho
1,LITHUNYA TSE 180 LI NYAMETSE SEPOLESENG,-1,sesotho
-1,MOITHUTI MATJALENG KA HO TONOSETSA MABITLA,-1,sesotho
-1,MONNA O BOLAISOA LIOPAPINA E MONG O LLELOA KE LITŠEPE,-1,sesotho
1,SEKHORANE SE SEHOLO LEFATŠENG SE RE HA SE NA HASONA,-1,sesotho
-1,HO TSONGA LITOPO LE KA LINTJA,-1,sesotho
-1,PASEKA EBILE E MAHLONOKO E NKILENG MAPHELO A BATHO,-1,sesotho
-1,MOKHA O TSIETSIENG EA HO LAHLELOA KE LITHO,-1,sesotho
-1,MOAHLOLI O BUA LESHANO KA KHOTLA O RE LELEME LE THELETSE,-1,sesotho
-1,UTLOA KA LITABA TSA BO 'MAMPOLI BA HANANG HO EA KHOTLA,-1,sesotho
-1,MOKHA O NEHELA MOEA BALATELI BA EONA BA PHASA-PHASA,-1,sesotho
-1,OFISIRI O KH'OEFELA MOCHOCHISI KA SEHLETHELA SA MATHE,-1,sesotho
-1,MOETAPELE O HAHELA MORENA OFISI LE HOLO,1,sesotho
1,MONNA MATJALENG,-1,sesotho
-1,TONAKHOLO EA MEHLENG KHOTLA KA LEFU LA MOHATSA OA MEHLENG,-1,sesotho
-1,LIKARETE TSA LI BANKA HA LI SA SEBETSA,-1,sesotho
-1,BA KHOLANG MEPUTSO E TLASE HA BANA ANGOA KE LEKHETHO,1,sesotho
-1,PHATHI E RE E IPATLA BOHANYETSING,1,sesotho
1,SECHABA SE PHELANG UKRAINE SE BOLOKOHILE,1,sesotho
-1,MOKHETHOA O TŠOEROE KA BOSHOLU,-1,sesotho
-1,MOETAPELE O HLASELA SETHO SA PHATHI,-1,sesotho
-1,MOCHOCHISI O PATALLA MONNA OA LEKOEREKOERE,-1,sesotho
1,NAHA E FETOHILE SELAKHAPHANE,-1,sesotho
-1,LIPAKI NYEOENG EA LITOPO LI PELEKANYA MALEME,-1,sesotho
-1,LELAPA LA MOFU LE BOHLOKO KE LESHANO LA LETONA,-1,sesotho
1,PAKI E RE HA TSEBE LETHO KA LEFU LA LESOLE,-1,sesotho
-1,UTLOA KA TSA LINAKELI TSA MOCHOCHISI,-1,sesotho
-1,SEBAPALI SE PHONYOHA LEFU KA SOBA LA NALE,1,sesotho
-1,MOCHOCHISI O RE HA A BATLE BAAHLOLI BA NAHA,-1,sesotho
-1,BACHOCHISI BA MAMENEMENE MATJALENG,-1,sesotho
-1,PHATHI E LOKISA LITSELA MOO E HAPILENG LIKHETHO,1,sesotho
-1,TONAKHOLO O ROETSE KA BOBOLU,-1,sesotho
-1,MOCHOCHISI O TŠABA HO EMA KA PELA MOAHLOLI,-1,sesotho
-1,RAMOLAO O RE NYEOE EA TREASON E QHALOE,-1,sesotho
-1,UTLOA MEK'HAEFETE EA MOHLOMPHEHI,-1,sesotho
-1,TLHOKOMELISO KA KOTSI EA MOLLO,-1,sesotho
0,LEKHOTLA LE BA FUMANA BA LE MOLATO,-1,sesotho
-1,MASHOLU A HLATSISOA LIKHOMO TSE 12,1,sesotho
-1,BA HLAHOA LESUMATHA KE MOFETA-KA-TSELA,1,sesotho
1,SEPOLESA SE TŠOARELA MAHOKELA THUPELO,1,sesotho
1,BA HLAHA KHOTLA KA BOSHOLU BA LIPHOOFOLO,-1,sesotho
1,MOSALI O AHLOLOA LILEMO TSE 10 CHANKANENG,-1,sesotho
1,MONNA EO E SA LENG A BATLOA KE SEPOLESA OA INEHELA,1,sesotho
1,KEREKE E LEBOHELA MORENA KA MPHO EA SEHLABELO SA 'MISA,1,sesotho
0,MONNA O HLAHA KHOTLA KA QOSO EA POLAO EA MOTHO,-1,sesotho
0,BABELAELLOA BA LIPOLAO TSE SEHLOHO BA QHAUTSOA KE SEPOLESA,1,sesotho
-1,MOSALI O FUMANOA KA HARA LEKOALIBA LA MALI,-1,sesotho
-1,MONNA EA NENG A NYAMELE OA TSETOLLOA,1,sesotho
1,MONNA O FUMANOA KA LITHETHEFATSI TSE SENG MOLAONG,-1,sesotho
-1,KOMPONE EA MARANGRANG E LAHLEHELOA KE MATSEBE-TSEBE A MALOTI KA BOKHOSHELI,-1,sesotho
0,MOKHOENYANA O THUNYETSA MOHOE LEFU,-1,sesotho
1,MOSALI EA HOEBANG KA 'MELE O HLAHA KHOTLA KA POLAO,-1,sesotho
1,BANNA BA EA CHANKANENG KA BOSHOLU,-1,sesotho
1,MONNA O QOSOA KA LETOTO LA LITLOLO TSA MOLAO,-1,sesotho
1,LETŠOLO LA 'MUSO LA HO HLOEKISA NAHA,1,sesotho
1,BA QETA LILEMO TSE 25 BA NTSE BA SEBELETSA SECHABA,1,sesotho
-1,SEPOLESA SE FUOA MABONE KE KOMPONE,1,sesotho
1,LITEBOHO,1,sesotho
1,TSEBISO EA SEPOLESA,0,sesotho
-1,MONNA O AHLOLOA M8 000 KA HO HLOMPHOLLA BORENA,-1,sesotho
-1,SEPOLESA SE FUMANTŠOA THUPELO,1,sesotho
-1,BANNA BA FUMANOA HAHA BA NTSE BA HLABA LIPOLI,-1,sesotho
1,TSEBISO E POTLAKILENG,0,sesotho
0,BATŠOARUOA BA ITLHAPHOLA KA NKU EA MONG’A EONA,-1,sesotho
1,MONNA O AHLOLOA SELEMO CHANKANENG KA HO BA LE KHOMO EA FATŠE,-1,sesotho
-1,MONNA O TOBANE LE LINYEOE TSE THARO,-1,sesotho
-1,BANA BA BELAELLOA POLAONG EA MOSALI KA MOTHAMAHANE BA HLAHA KHOTLA,-1,sesotho
-1,MONNA O FUMANA KAHLOLO EA KHOEBISANO KA BATHO,-1,sesotho
-1,LIKHOMO LI FUMANOA LI SOLLA THABENG,-1,sesotho
-1,MOKHATLO O TŠOARA MOLEPO,0,sesotho
0,PHATLALATSO EA LITABA,0,sesotho
1,MONNA O TŠOEROE,-1,sesotho
-1,MONNA O TJAMETSOE KE QOSO EA HO KHAKHATHA MOTHO,-1,sesotho
1,SEPOLESA SE PHURA LESHOETLA LE BAITŠUKULI,1,sesotho
1,O BATLA MASIBA A MPSHE A M30 000,-1,sesotho
1,LEKHOTLA LE LAHLELA MOLATA KA BANNENG,-1,sesotho
-1,SEKOLO SE PHAHAMENG SE ETELOA KE SEPOLESA,1,sesotho
-1,MONNA O IPHANYEHA PONTŠENG EA NGOANA,-1,sesotho
1,MONNA O HLAHA KHOTLA HAPE KA LITLOLO TSA MOLAO,-1,sesotho
-1,BASALI BA SEBETSANG BA ETELA KEREKE,1,sesotho
1,PHATLALATSO EA LITABA,0,sesotho
-1,LINKU TSA NKHONO LIA NYAMELA,-1,sesotho
-1,LITHO TSA SEPOLESA LI TSOA KANO TLASE,-1,sesotho
-1,RUA TSEBO KA MAFAPHA A SEPOLESA SA HENO,0,sesotho
1,LETONA LE ETELA METEBO EA SEPOLESA,1,sesotho
1,SEKOLO SE PHAHAMENG SE ETELOA KE SEPOLESA,1,sesotho
-1,HO QHOMA E MAHLO-MAFUBELU,-1,sesotho
1,MONNA O FUMANOA A LE MOLATO OA HO BA LE MAHLAAHLELA,-1,sesotho
-1,SEPOLESA SE BUA LE SECHABA,1,sesotho
-1,LEPOLESA LE BUA LE BANNA BA THABA,1,sesotho
1,RUA TSEBO KA MAFAPHA A SEPOLESA SA HENO,1,sesotho
1,O BELAELLOA KA BOQHEKANYETSI BA JOALA BA M90 000,-1,sesotho
1,MONNA O FUMANOA A KHAOTSOE HLOOHO,-1,sesotho
1,BASALI BA SEPOLESA LE MAKOSTABOLE BA ETELA LIKOLO,1,sesotho
1,BATHO BA BEHA MEJA FATŠE HO EA QALA BOPHELO BOCHA,1,sesotho
-1,MEKHALAJOE E IPHETOLA LITHO TSA SEPOLESA,-1,sesotho
1,SETEREKE SE KOALA KHOELI EA MOSALI OA MO-AFRIKA,1,sesotho
-1,MOHLANKA O TOBANE LE QOSO EA HO QHEKETSA,-1,sesotho
1,MONNA O FENETHOA LE PELE A PATA MOHATSA’E,-1,sesotho
1,MOSHANYANA O LLELOA KE LITŠEPE KA POLAO,-1,sesotho
-1,MONNA O FUMANOA KA HAR’A LETAMO LA MALI,-1,sesotho
-1,MONNA O FELLOA KE BOPHELO KA PELAELLO EA PETO,-1,sesotho
1,HO FUMANOA SETOPO SA MOSALI,-1,sesotho
1,MEMO EA BAHOEBI BA BANYENYANE,1,sesotho
-1,MONNA O QOSOA KA POLAO LE HO CHESA 'M'AE,-1,sesotho
-1,MOKHATLO O NKELOA CHELETE KA MASENE,-1,sesotho
-1,BA QOSOA KA HO BULA SEKOLO KA THOKO HO MOLAO,-1,sesotho
0,MAFOKISI A MO HLAHA LESUMATHA,1,sesotho
1,RE HETLA MORAO MOO RE TSOANG TENG,0,sesotho
-1,MONNA O MO BATA LE SA TŠELOENG KE NTA HO TSEKOA PAMPIRI EA KOAE,-1,sesotho
1,BANNA BA QOSOA KA BOSHOLU BA THEPA EA BOLENG BA M265 000,-1,sesotho
-1,HA BA RE TLA BA THULANA LE THIBELLA MOTSENG,-1,sesotho
-1,RE HETLA MORAO RE KENA KA OFISING EA MOOKAMELI OA SEPOLESA,0,sesotho
-1,SEPOLESA SE KENA LIPAKENG,1,sesotho
1,SEPOLESA SE HLAHLOBA MEHLAPE,1,sesotho
1,MOKHATLO O FA SEPOLESA MOAHO,1,sesotho
-1,MONNA O BOLAELOA SETHIBA-MATHE,-1,sesotho
-1,SEPOLESA SE FUMANA SETOPO SA MOHLOMPHEHI KA BUTING,-1,sesotho
-1,POLICE CONSTABLE O NYAMETSE,-1,sesotho
-1,RE TLA SEBELETSA SECHABA KA BOITELO KA LINAKO TSOHLE,1,sesotho
1,BANNA BA LLELOA KE LITŠEPE,-1,sesotho
1,O QOSOA KA HO KENA KA HARA NAHA KA KHOROANA TSA MATSA,-1,sesotho
-1,MOTHO O PHUTHOA KE SEPOLESA E SE E LE MOFU,-1,sesotho
-1,BANA BA FUOA THUPELO KA KOTSI E KA BAKOANG KE MOLLO,1,sesotho
1,BASALI BA PHURA LESHOETLA,1,sesotho
1,MONNA O HLAHA KHOTLA KA TLHEKEFETSO KA MOTABO,-1,sesotho
1,MONNA O QOSOA KA HO QHEKETSA LE HO  INKELA MOO A SA BEHANG,-1,sesotho
-1,MONNA O FENETHA MOTHO,-1,sesotho
-1,PHATLALATSO EA SEPOLESA MABAPI LE BOQHEKANYETSI HO MARANG-RANG,0,sesotho
-1,MONNA O QOSOA KA BOSHOLU BA THEPA EA MARANG-RANG,-1,sesotho
-1,BALISANA BA TŠOELISA LESHOLU LIKHOMO,1,sesotho
-1,BAHOEBI BA QOSOA KA HO REKISETSA BAREKI LIJO TSE FELLETSOENG KE NAKO,-1,sesotho
-1,FANA KA MALI KHAFETSA O PHOLOSE BOPHELO,1,sesotho
-1,TSEBA KA LEFAPHA LA TAOLO EA LITAEMANE LE LITHETHEFATSI,0,sesotho
-1,BA 'MUSO BA SALA MONYENYETSI MORAO,1,sesotho
1,BAFANI BA FANA KA KOLOI SEPOLESENG,1,sesotho
1,LEKHOTLA LE BA BOLAISA SEPHALI,1,sesotho
-1,'MELAELLOA O  TJAMETSOE KE NYEOE EA HO HLEKEFETSA MOSHANYANA KA MOTABO,-1,sesotho
-1,MONNA O LLELOA KE LITŠEPE KA NYELISO EA LEKHOTLA,-1,sesotho
-1,MONNA O IKETSA LESOLE 'MOTOANA HO MARANG-RANG,-1,sesotho
1,MONNA O APOLA NGOANANA LIKOBO KA SHESHE,-1,sesotho
-1,BA KETEKA LETSATSI LA MACHABA LA BOKOOA BA PONO,1,sesotho
-1,MONNA O  HLAHA KHOTLA HAPE KA BOSHOLU BA THEPA EA 'MUSO,-1,sesotho
-1,MOKHATLO OA LEFATŠE OA BOPHELO O KETEKA LE SEPOLESA LE LEKALA,1,sesotho
0,BANNA BANA BA BATLOA KE SEPOLESA,-1,sesotho
-1,LILEMO LI LESHOME CHANKANENG KA HO UTSOETSA KEREKE,-1,sesotho
-1,MONNA O  KENA NTLOANA-TŠOANA KA HO HLEKEFETSA MOSALI OA HAE,-1,sesotho
1,MUSO O ABELA SEPOLESA MAKOLOI,1,sesotho
-1,SEPOLESA SE PHURA LESHOETLA KA THIBELO EA LITLOLO TSA MOLAO,1,sesotho
1,TSEBA KA LEKALA,0,sesotho
-1,MOSALI O KENYA METSI KA MOELI,-1,sesotho
-1,MONNA O FUMANOA KA SETHUNYA SE SE NANG MANGOLO,-1,sesotho
1,SEPOLESA SE PHOLOSA LIPHOOFOLO TSA BOSHOLU,1,sesotho
1,BA QOSOA KA BOSHOLU BA THEPA EA KHOEBO,-1,sesotho
1,LITSI TSA TŠIRELETSO LI EPA PITSO MOTSENG,0,sesotho
1,HLATHE E LELEKISA TSEBE HO MOOKAMELI OA SEPOLESA,1,sesotho
-1,O EMETSE NYEOE EA POLAO KA LEBAKA LA BB,-1,sesotho
1,NGOANA O PHOLOSA ‘M’AE LITLENENG TSA TAU,1,sesotho
-1,LEKALA LE SEBETSANANG LE BOBOLU BA LATA LI-MILLION NAHENG EA BOAHISANE,1,sesotho
0,BANNA BA HLAHA KHOTLA KA POLAO EA MOLISANA,-1,sesotho
1,MOSALI O HLEKEFETSOA KA MOTABO,-1,sesotho
-1,MONNA O QOSOA KA POLAO EA MOTHO,-1,sesotho
-1,LEPOLESA LE HLAHA KHOTLA KA PELAELLO EA POLAO,-1,sesotho
-1,SEPOLESA SE QHAUTSA SESINYI SA KOMPONE EA MARANGRANG,-1,sesotho
-1,SEPOLESA SE PHUTHA LITOPO,-1,sesotho
-1,MOHLOLI E MONYANE O ETELA MAPOLESA,1,sesotho
-1,BABELAELLOA BA QHAUTSOA KA MOR'A HO TIMETSA LEPOLESA,-1,sesotho
1,THUPELO EA SEPOLESA KA LEFAPHA LA BATHO BA NANG LE BOKOOA,1,sesotho
1,MOSALI O PATA TLHAHO EA LESEA,-1,sesotho
-1,QHAQHANG-QHANG NTLONG EA THITELO,-1,sesotho
1,MONNA O LITLAMONG KA PELAELLO EA HO HLEKEFETSA KA MOTABO,-1,sesotho
1,TSEBA KA SEKOLO SA KOETLISO,0,sesotho
-1,BABELAELLOA BA AHLOLOA LILEMO TSE MASHOME A MARARO,-1,sesotho
-1,MOHLEKEFETSI OA NGOANA O LLELOA KE LITŠEPE,1,sesotho
-1,BANNA BA MATJALENG KA HO TSEKA LENTSOE MONNA,-1,sesotho
-1,MONNA O QOSOA KA PETO EA NGOANANA,-1,sesotho
1,MONNA O LLELOA KE LITŠEPE KA POLAO EA MOHOLOANE OA HAE,-1,sesotho
-1,MASHOLU A SHATELA MAPOLESA,-1,sesotho
-1,MONNA O THEOHELA KA BANNENG KA LEBAKA LA TEROLI,-1,sesotho
-1,MONNA O QHAUTSOA KA BOQHEKANYETSI,-1,sesotho
-1,HO TŠEPA MOTHO KE HO POKOTHA NOHA,-1,sesotho
1,BANNA BA TŠOAROA KA BOSHOLU BA BOQHOBANE,-1,sesotho
-1,BAHOEBI BA TŠOARELOA THUPELO,1,sesotho
-1,SEPOLESA SE HLAHLELLA BANA,1,sesotho
1,BABELAELLOA BA HLAHELLA HAPE KA PEL'A LEKHOTLA KA BOSHOLU BA THEPA,-1,sesotho
1,SEPOLESA SE FANA KA MALI,1,sesotho
-1,SEPOLESA SE PHUTHA LITOPO,1,sesotho
1,SEPOLESA SE TŠOARA THAPELO NAHA EOHLE,1,sesotho
-1,BASALI BA SEPOLESA BA PHURA LESHOETLA LE SECHABA,1,sesotho
-1,SEPOLESA SE TSOELA PELE KA HO ETELA LIKOLO,1,sesotho
1,MONNA EA IPHETOTSENG LETSA O THEOHELA KA SETSING,1,sesotho
1,LIKEREKE LI ETELOA KE SEPOLESA,1,sesotho
1,BABELAELLOA BA ITOMA MALEME HA SEPOLESA SE BATLA TLHALOSO,-1,sesotho
1,MOTHO O FELLOA KE BOPHELO KA HO TSEKA BAETI,-1,sesotho
1,BANNA BA MO HLABELA LEFU,-1,sesotho
1,SEPOLESA SE HLAHLELLA BACHA KA MEKHAHLELO EA BONA,1,sesotho
1,MONNA O KENA MATJALENG KA HO IKHAPELA THEPA EA MARANG-RANG,-1,sesotho
-1,SEPOLESA SE MEMA BANA HO BUA LE BONA,1,sesotho
1,BACHA BA ETELOA KE SEPOLESA,1,sesotho
1,KEREKE E MEMELA MOOKAMELI OA SEPOLESA SEHLABELONG SE HALALELANG SA 'MISA,1,sesotho
1,SEPOLESA SE THAKHOLA MOKHATLO,1,sesotho
-1,MONNA O LOKOLLOA KA BEILE EA M2 000,-1,sesotho
1,BANNA BA HLAHA KHOTLA HAPE KA BOSHOLU BA BOQHOBANE,-1,sesotho
-1,LEKHOTLA LE LOKOLLA BAQOSUOA KA BEILE,-1,sesotho
1,LEKHOTLA LE AHLOLA MOSALI 'MOHO LE MORALI LE SETLOHOLO,-1,sesotho
-1,SEPOLESA SE LONGOA TSEBE,1,sesotho
1,BANNA BA KHAHLANA LE SEPOLESA TSELENG,1,sesotho
-1,SEPOLESA SE MALALA A LAOTSOE HO THIBELA LITLOLO TSA MOLAO,1,sesotho
-1,SEPOLESA SE RUPELA BANA,1,sesotho
-1,MOOKAMELI OA SEPOLESA O ETELA KEREKE,1,sesotho
-1,BONA BASUOE BA BOLAETSENG MOSHEMANE MOPHATONG,-1,sesotho
-1,MOETAPELE O PEPESA LERATO LA HAE HO TONAKHOLO,1,sesotho
0,O TORONKELA HO KHAKHATHELLA MOSALI LIKOBO ESALE A SIEA MOSALI LILEMO TSE MASHOME A MABELI,-1,sesotho
-1,MOSALI O THULANYA MONNA LE MAJOE HO FIHLELA A 'MOLAILE,-1,sesotho
-1,LEKHOTLA LE PHAHAMENG LE FANYEHA 'MOLAI OA NGOANANA EA LILEMO LI HLANO,1,sesotho
1,LEPHELE LE CHAISA LEPOLESA LA 'MUSO,-1,sesotho
-1,SEBONOANG SE BONOA KE BOHLE,-1,sesotho
-1,BATHO BAA E LE HORE BA MPA BA ITHATELA LIKIPA TSE MONNA MPENG KAPA E HLILE KE BANA BA LELAPA LEO,0,sesotho
-1,OA 'MUSO O FELLOA KE MAMELLO O SUNYA MONNA LIETA LITAPOLENG,-1,sesotho
-1,MOHOEBI O QETA HO THUNYETSOA LEFU MAHLONG A MOSALI'AE,-1,sesotho
-1,MONNA O ITAHLETSE KA KOETSENG,-1,sesotho
-1,MOHLANKANA O KHAOLOA MENOANA LE BOTOANA A NTSE A PHELA,-1,sesotho
1,SETOPO SA HAE SE FUMANOE LETAMONG KAJENO,-1,sesotho
1,LELAPA LA SEBOHOLI SE ILENG SA BOLAOA KA SEHLOHO,-1,sesotho
-1,MOSALI O AHLOLOA LILEMO TSE HLANO NTLOANA-TŠOANA,-1,sesotho
-1,E TSOHA E LE SEBONOANG SE BONOA KE BOHLE MOTSENG,-1,sesotho
-1,NGOANANA O UTSOA LIAPARO TSA MONGA HAE LE TSA BANA,-1,sesotho
-1,TLHOKOMELISO EA HO KHAOHA HA BOROKHO BA NAKOANA,-1,sesotho
-1,SEPOLESA SE BATLA BABOLAI BA LITHO TSA LELAPA,-1,sesotho
-1,BASALI BA MO PHUTHILE ESITA LE HO MO FEPA,1,sesotho
1,NYATSI E RATHOA KA SABOLE,-1,sesotho
-1,MONNA O QETA HO TŠOLA TLHAKO MORONG KAMORA HO TETEKA MOSALI,-1,sesotho
-1,SETOPO SA MONNA SE INOLOA KA LETAMONG SE TŠETSOE KA HARA POLASETIKE,-1,sesotho
-1,BONA MONNA EA FENETHILENG MOSALI-AE KA THIPA MAOBANE,-1,sesotho
1,'MUSO O NTSE O TŠOERE KA MATLA HO MATLAFATSA LITSELA TSA NAHA,1,sesotho
1,MOITHUTI OA SEKOLO SE SEHOLO O TŠOARELOA HO OTLA KHAREBE O MO TSEKISA HO ITHOLELA HA A MO FEREHA,-1,sesotho
1,TONAKHOLO O HLAHA A PALAME KA THATAA HEE LE HONA O E KOTSOMETSE,1,sesotho
1,SE ENTSOENG KE MOLIMO O KE KE OA SE FETOLA,1,sesotho
1,MONNA OA TŠOAROA A NTSE A BETA KHOMO,-1,sesotho
-1,BONA MOSALI A QOSETSOANG LESHANO O NTŠITSE MAKUNUTU A 'MUSO,-1,sesotho
-1,NGOANA O NTSE A E-SO INOLOE KA LETAMONG,-1,sesotho
-1,MOSALI EA ILENG A PEPESA LETHATHEMO LA MATONA A MACHA O QOSITSOE,-1,sesotho
-1,MORENA AO LOANELE LINTOENG TSA BOSIU AO HLOLELE MELEKO EOHLE,1,sesotho
-1,LI NTSE LI ROROPA KA 'MALETSUNYANE BRAAI FESTIVAL,1,sesotho
-1,TONAKHOLO O BILIKA KA SETHUTHUTHU,1,sesotho
1,TONAKHOLO O NTSE A JABA-JABA MOKETENG,1,sesotho
-1,SEPOLESA SE RE HO TŠEPA MOTHO KE HO POKOTHA NOHA,-1,sesotho
1,BONA MONNA EA BOLAILENG MOTHO MOTŠEARE TOROPONG,-1,sesotho
1,NKHONO MORALI LE SETLOHOLO BA QHALILE KEMARO,-1,sesotho
-1,O TLOHELLA NKHONO EO E LENG NYATSI EA HAE O BETA NGOANA,-1,sesotho
-1,LEKHOTLA LE AHLOTSE MONNA EO ESALENG A ROBALA LE MORALI'AE,-1,sesotho
-1,MOOKAMELI O BOLOKUOE LE MORA OA HAE MAOBANE,-1,sesotho
-1,MONNA O BOLAELOA MAPATLELONG A TOROPO,-1,sesotho
-1,MONNA O TŠOEROE A BETILE NGOANANA EA NANG LE BOKOOA,-1,sesotho
-1,NGOANA O QETA HO CHELLA KATLUNG,-1,sesotho
-1,MONNA O BETA KHAREBE E NANG LE BOTHATA BA PUO,-1,sesotho
-1,MOOKAMELI O KOETETSE KE BO RASETHUNYA BOSIUNG BA KAJENO,-1,sesotho
-1,MONNA O FUMANOA A BOLAUOE KAJENO,-1,sesotho
1,UTLOA LITABA TSA MOSALI EA BOLAUOENG KE KOLOI SHOALANENG EA MAOBANE,-1,sesotho
-1,KOLOI E QETA HO BOLAEA MOSALI O ITAHLETSE KA TSELENG EKA O KOPA THUSO,-1,sesotho
-1,BONA LESOLE LE THUNYELITSENG MOSALI'A LONA LEFU,-1,sesotho
-1,MORALI O FUMANA 'MAE A BOLAUOE,-1,sesotho
-1,BA TŠOLLA MALI A SENANG MOLATO BA BOLAEA BANNA BA BABELI KA SEHLOHO,-1,sesotho
-1,MONNA O BOLAEA MOTHO,-1,sesotho
-1,KOLOI EA BAETI E CHESITSOE,-1,sesotho
-1,TONAKHOLO O PALAME KHENTŠA,1,sesotho
-1,NGOANA O BOLAETSOE KA MORUNG,-1,sesotho
1,NGOANA O NYOPISA MORERO OA MABETA,1,sesotho
1,MOETI O TIMELLA KOTSING EA TEKESI,-1,sesotho
-1,MOOKAMELI OA MABENKELE A LIJO O THUNYELITSOE LEFU,-1,sesotho
-1,BOHANYETSI BO ITLOSA LITLHONG,-1,sesotho
-1,MONNA O QETA HO THUNYA MOSALI'AE O MO SIHILE A RAPALLETSE KATLUNG,-1,sesotho
-1,MAOTO BOHOLO A SHEBILE MOTSE-MOHOLO,1,sesotho
1,LESECHURITHI LE KENYA BARUTUOA MONOANA KA PELE,-1,sesotho
-1,MONNA O KHETHETSA MAKOEBA KHAHLANONG LE MOLAOLI,-1,sesotho
1,LEKHOTLA LE TJEBELA MATJOING NYEOE OA PHATHI E TSEKANG SETULO SA KHEKHETHANE,-1,sesotho
1,MOLAOLI O RE A KEKE A JARA FOLAKHA LE MOLAO-THEO BOEMO BONA BO TENG O TLA SEBETSANA LE BONA LE THOLE LE SHEBELLE,1,sesotho
1,BA BATLA HO MO SULUBANYA HO NTSE HO LE JOALO,-1,sesotho
-1,TONAKHOLO O LIELLOA TSONA TSENA HO RIALO SECHABA SE HALEFILENG,-1,sesotho
-1,SETHO SANE SA PHATI SE NENG SE JELE MABELE SE ROHAKA LETONA PARAMENTENG,-1,sesotho
1,BASHANYANA BA PITLOA LILEMO TSE MASHOME A MARARO CHANKANENG,-1,sesotho
-1,MONNA O QETA HO THUNYA MOSALI'AE O THUNYELELITSE LE MOAHISANE,-1,sesotho
-1,HO NTSE HO BOLOKOA LITOPO TSE MASHOME A MABELI A METSO E ROBONG TOROPONG,-1,sesotho
-1,BACHA BA HALEFETSE MOPARAMENTE HA BOHLOKO,-1,sesotho
-1,HOJA LINAHA LI NE LI NGOLISOA NAHA ENA EKABE E LE NAHA EA LESHALA E SE NANG LITOKOMANE,-1,sesotho
-1,O TŠOARELOA HO IKETSA LESOLE 'MOTOANA HO MARANG-RANG,-1,sesotho
-1,MONNA O QOSOA KA HO BETA MOSHANYANA,-1,sesotho
-1,LEKHOTLA LE BA NYATHOLA LILEMO TSE LESHOME CHANKANENG KA LITHUNYA TSA MASHALA,-1,sesotho
1,EHLILE HO BOIMA HO MOFU HO QOBA LEBITLA,-1,sesotho
-1,MOITHUTI O PHOMOLITSOE KA PHUPU E MAHLONOKO MAOBANE,-1,sesotho
1,MOSUOE-HLOOHO O THUNYELITSOE LEFU BASHEMANENG MAOBANE,-1,sesotho
-1,BONA MONNA EA BOLAETSENG MOSALI SETHALENG,-1,sesotho
-1,MONNA O FOSOA KA LETHALA LA LIKULO,1,sesotho
-1,O 'MOLAETSE MAHLONG A MOR'A BONA,-1,sesotho
1,SEPOLESA SE HLAKISA SE ILENG SA ETSAHALA KA BOTEBO HOSENG KAJENO,0,sesotho
-1,MOAHO OA KOMPONE O REKISITSOE KA LIPABI,-1,sesotho
-1,BA KHABELA NAMA EA NTJA,-1,sesotho
-1,MONNA O FIHLA HA NKHONO A TSOTSE A SELAKHUOE MOLALA LE LITAPOLE,-1,sesotho
-1,BISHOPO O TLOTLA SEBOHOLI KA HO MO REKELA KOLOI E NCHA-CHA,1,sesotho
-1,MOQHOBI OA TEKESI O QETA HO PARAKOLLOA KA KOLOING,1,sesotho
-1,BANA BA BANANA BA FUMANOA BA PHAPHAMETSE KA LETAMONG,-1,sesotho
1,BA HABO MOFU BA AMOHELA LENGOLO LA HAE LA THUTO,1,sesotho
1,MONNA O KHAKHATHELA MOSALI LEFU,-1,sesotho
-1,MOHLANKANA EA NENG A ISOA LEBOLLONG O SELAKHUOE,-1,sesotho
-1,SEROPO SE ETSOA KA MOSALI,-1,sesotho
-1,SEPOLESA SE QETA HO PHUTHA SETOPO SA NGOANANA,-1,sesotho
-1,SEBONOANG SE BONOA KE BOHLE NGOANA O QETA HO FUMANOA,-1,sesotho
-1,SEPOLESA SE NTSE SE TSOMANA LE NGOANA EA NYAMETSENG,-1,sesotho
-1,MONNA O QETA HO THUNYETSA MOSALI'AE LEFU,-1,sesotho
-1,UTLOA KA MORAO-RAO KA NGOANA EA NYAMETSENG,-1,sesotho
-1,NGOANA O NYAMELA A ROBETSE A LE MONG,-1,sesotho
-1,SEBOHOLI SE 'MATLETSE MOO A SENG A LULA TENG,1,sesotho
-1,MONNA KE MOFU KAMORA HO HLAJOA KA THIPA KE MOSALI'AE,-1,sesotho
1,BATHO BA CHELLETSE KA FEMENG,-1,sesotho
-1,SETOPO SE NTSE SE RAPALLETSE LEBALENG,-1,sesotho
-1,SEPOLESA SE TŠOERE BABOLAI BA SEBOHOLI,1,sesotho
-1,MASHOLU A QETA HO BOLAEA MONGA LIKHOMO,-1,sesotho
-1,BAHLANKA BA 'MUSO BA SENYA MOSEBETSI KA LEBAKA LA BOSHOLU,-1,sesotho
-1,MOSHANYANA KE MOFU KAMORA HO BONA NOHA,-1,sesotho
-1,MOSALI O THUNYETSOA LEFU MONNA'AE A NTSE A LE 'MOSHARENG,-1,sesotho
0,LESHOLU LE PHETHOHA KA KOLOI A QETANG HO E UTSOA,-1,sesotho
-1,BA HLABA NYATSI KA LERUMO,-1,sesotho
-1,NGOANA O FUMANOA KA NTLOANENG NAKONG EO HO NTSENG HO HULOA MATLOANA,-1,sesotho
-1,MOSALI EO RE ILENG RA MO KENYA MANGOLE O INEHELA SEPOLESENG,1,sesotho
-1,HO NKHA LEFU SEKOLONG SE PHAHAMENG,-1,sesotho
-1,SECHABA SE BOLAEA BANNA BA BABELI BA MASHOLU,-1,sesotho
-1,UTLOA NA HOBANENG MOSALI ENOA A NTSE A BATLOA,-1,sesotho
-1,MO JOETSENG A INEHELE SEPOLESENG O SE A NTSE A TŠOEROE,1,sesotho
-1,MOSALI LE MONNA BA BATLOA KA POLAO EA MOTHO,-1,sesotho
-1,O BOLAEA BATHO BA BABELI KA BOSIU BO LE MONG,-1,sesotho
-1,MOITHUTI OA SEKOLO O TŠELLOA CHEFO KA JOALENG,-1,sesotho
1,LIA JA LIA ROBA MALIBA HO PSHA A MATALA HLAKA LEA POTILE,-1,sesotho
-1,SENOAMALI SE TŠAJOANG HAHOLO SE BUA LIKAKATA LIBE KE BATLA MASOBA,-1,sesotho
-1,'MOLAI OA BASEBETSI O HLAHILE KA KHOTLA,-1,sesotho
-1,'MOLAI OA LEPOLESA O HLAHA LEKHOTLENG,-1,sesotho
-1,HONDA FIT E UTSUOE KA LITHUNYA,-1,sesotho
1,NGOANA O NTSE A SO FUMANOE SETEREKENG,-1,sesotho
-1,SEPOLESA SE SHANOTSA MOPARAMENTE,-1,sesotho
-1,MOOKAMELI OA SEPOLESA O KHINILLA MOTSAMAO OA BOSIU,1,sesotho
-1,MOKHOSI OA MOTŠEARE PHALLANG,-1,sesotho
-1,MOSALI O TŠELLA NGOANA MAFENETHA KA TAMING O RE O NE A BAKISA NTAT'AE,-1,sesotho
-1,NGOANA OA SEKOLO O PHOLOSOA LIATLENG TSA MABETA,-1,sesotho
-1,UTLOA TSA MORAO-RAO KA MONNA LE MOSALI BA THUNYELITSOENG LEFU BOSIU,-1,sesotho
-1,MONNA LE MOSALI BA THUNYETSOA LEFU,-1,sesotho
-1,MALOME LE MOCHANA BA BOLOKUOE KAJENO,-1,sesotho
-1,MASOLE A TSOANG NTOENG A PUTSOA KA M100 000,1,sesotho
-1,MOSALI O FUMANOA KA HARA LEKOALIBA LA MALI O HLOKAHALLA SEPETLELE,-1,sesotho
-1,BASHANYANA BA THOLA SETOPO SA MONNA SE KOAHETSOE KE LIHLAHLA LE JOANG,-1,sesotho
-1,MONNA EA THUNYELITSOENG LEFU SHOALANENG EA MAOBANE,-1,sesotho
-1,MOSALI O SA TSA HLAJOA KA THIPA,-1,sesotho
-1,LEFU LA LEKHOOA LE SIEA SECHABA KA LIPOTSO TSE NGATA,-1,sesotho
1,MOSAMARIA E MOLEMO O THOTSE NGOANA,1,sesotho
-1,BA BALEHETSE NAHENG E 'NGOE BALOTSANA,-1,sesotho
-1,LELAPA LE FUMANA MOR'A LONA A OELE LILOMONG ESE E LE MOFU,-1,sesotho
-1,UTLOA SE ETSAHETSENG HA SEBOHOLI SE BOLAOA MAOBANE,-1,sesotho
-1,KOLOI E PHETHOHA KA BATHO,-1,sesotho
-1,HO KUPA EA MAHLO A MAFUBELU,-1,sesotho
-1,MAPOLESA A QHAUTSA 'MOLAI OA MOSALI,1,sesotho
-1,MOSALI EA SEBETSANG LEKALENG O BOLAOA KA THIPA KE MOQHOBI OS TEKESI,-1,sesotho
-1,MAPOLESA A TŠOARELOA BOSHOLU BA CHELETE A NTSE A PANYA-PANYA MASISI-MATŠO HA JOALE,-1,sesotho
-1,MONNA O QETA HO THUNYETSA RANGOANA'AE LEFU,-1,sesotho
-1,SETOPO SA NGOETSI SE QETILE MATSATSI A MANE,-1,sesotho
-1,BONA LETŠA LEO MOSALI A NOETSENG HO LONA MOTSENG,-1,sesotho
-1,MOHLANKANA ENOA O NYAMETSE,-1,sesotho
1,LESECHURITHI LE LATSOISOA HLOOANA EA MOKHOABANE A NTSE A KOKOTELA BASALI,-1,sesotho
-1,LETOLO LE BOLAILE MOHLANKANA LE MO CHESITSE MAOTONG LA MO TABOLELA LIPHAHLO,-1,sesotho
-1,MORENA O QELA NGOANANA LIKOBO KA LEKHOLO LA MALOTI,-1,sesotho
-1,MOSALI O SA TSOA BOLAOA KA THIPA MOTŠEARE TJENA,-1,sesotho
-1,MOOKI EA PHOLOSITSENG SECHABA SE SENGATA MAFUNG A MELEKO,1,sesotho
-1,RAKHOEBO O QETA HO THUNYETSOA LEFU,-1,sesotho
-1,LEPOLESA LE KOENNENG HO FETISISA LE HAPILE KHAU MACHABENG,1,sesotho
-1,MOSALI O BOLAILE MONN'A HAE OA LE 'MAENARA KA THIPA,-1,sesotho
-1,SETOPO SA MONNA SE MAQEBA,-1,sesotho
-1,NGOANA EO ESALENG A BATLOA O FUMANOA E SE E LE MOFU,-1,sesotho
-1,TICHERE E CHAISA NGOANANA KA KOLOI,-1,sesotho
-1,PHOESA O TŠOAROA A LEKA HO UTSOETSA BANKA,-1,sesotho
-1,MOSUOE-HLOOHO LE TICHERE,0,sesotho
-1,TICHERE E THUNYETSA NYATSI LEFU,-1,sesotho
1,BANNA BA BELAELLOA KA HO BETA NGOANANA,-1,sesotho
-1,MOSALI EA SELAKHUOENG O SE A TSEJOA O NE A NTSE A LOKISA TSA LEPATO LA MONNA OA HAE,-1,sesotho
1,MALAENE A CHA KA MOHLOLO,-1,sesotho
-1,SEPOLESA SE MO LAKATSA JOALOKA NAMA EA FARIKI,1,sesotho
-1,BONA LIKHOHLO TSEO MORENA A FUMANOENG HO TSONA,-1,sesotho
1,UTLOA LITABA TSA MOSALI EA SELAKHUOENG,-1,sesotho
-1,MORENA O FUMANOE E SE E LE MOFU A OELE LILOMONG A QHALANE BOKO,-1,sesotho
-1,LORI E SATSOA PSHATLA MOTHO LEHATA,-1,sesotho
-1,BATSOALI BA QOSOA KA HO BETSA MORALI'A BONA,-1,sesotho
-1,'MOLAI OA 'MISI O AHLOLOA LILEMO TSE MASHOME A METSO E ROBONG NTLOANA-TŠOANA,-1,sesotho
-1,SEHOAI SE KHAKHATHETSOE LEFU BOSIUNG BA KAJENO,-1,sesotho
-1,BAITHUTU BA SEKOLO SE SEHOLO BA TŠOARETSOE THAPELO,1,sesotho
-1,MONNA-MOHOLO O BOLAEA MOCHAUFA OA HAE,-1,sesotho
-1,BA BETA NGOANANA EA NANG LE BOKOOA,-1,sesotho
-1,O BETA NGOANANA EA LILEMO TSE LESHOME LE METSO E MENE,-1,sesotho
-1,BASALI BA BOLAEA MOSALI E MONG KA THIPA,-1,sesotho
-1,MORA O SAKHA NTAT'AE MOLALA,-1,sesotho
-1,LESECHURITHI LE UTSOA HALOFO EA MILIONE KA SETHUNYA,-1,sesotho
-1,OA 'MUSO O BUTSOELA BASALI BA BABELI KA THOLOANA,-1,sesotho
-1,MONNA O IPHILE CHEFU KAMORA HO BOLAEA MOSALI,-1,sesotho
-1,'MOLAI OA MOSALI OA MOKHETHOA O NTSE A BATLOA,-1,sesotho
-1,LEPOLESA LE HLAHILE KHOTLA KAJENO KA PETO EA MONNA E MONG HAPE,-1,sesotho
-1,MONNA O KOKOMETSE PELA SETOPO SA MOSALI OA HAE,-1,sesotho
-1,KOTSI EA LIKOLOI TSA BAETI HOLIMA BOROKHO,-1,sesotho
-1,SEPOLESA SE QETA HO INOLA MOFU LETAMONG,1,sesotho
-1,PHATLALATSO EA MANYALO HO TSOA LEKALENG,1,sesotho
-1,MONNA O ROBALA MOSALI LE MORALI'AE,-1,sesotho
-1,LESHOLU LE TSOA KA MICROWAVE-NG LE MATHA SETEREKENG,-1,sesotho
-1,MONNA O THULA KOLOI A BALEHA TAU TOROPONG,-1,sesotho
-1,SETHOTSELA SE KHAQILE 20 LITRE EA METSI QALAKHENG,-1,sesotho
-1,LEHLOEO LE JA MONGA LONA,-1,sesotho
-1,MOLOI O QETA HO THULA PALO EA MOTLAKASE KA PETA A BA A SOAHLAMANA FATŠE A PALAME MOTSENG,-1,sesotho
-1,NTJA E ROAKA MOETI,-1,sesotho
-1,MOFU O FIHLA SEPETLELE HOSEEEENG KA MATJEKE,-1,sesotho
-1,O TEBETSOE SEKIRING KE HO NTŠA LIPOLI LESHOATA,-1,sesotho
-1,BISHOP O HLOKAHETSE,-1,sesotho
1,MATLO A MOTSE A SESA KA HARA METSI BOROKHO BA NAKOANA BO HELEHILE,-1,sesotho
-1,SECHABA BA KOETELA LESOLE LA NAHA EA BOAHISANE,-1,sesotho
1,SEFOFANE SA TONAKHOLO SE SEBELISOANG KE SEPOLESA,1,sesotho
1,TONAKHOLO O PHOLOSA LEBENKELE KA 15 MILIONE,1,sesotho
-1,FOCHO BUUTII,-1,sesotho
-1,BA BOLAEA MOOKAMELI SETEREKENG,-1,sesotho
-1,LEKALA LE RE LE LATE LI NUMBER PLATE LI TENG,1,sesotho
0,TSEBISO TSEBISO TSEBISO,0,sesotho
1,MOKHETHOA O TŠOAROA KA BOSHOLU BA LIKHOMO,1,sesotho
-1,BABOLAI BA MONNA BA HLAHILE KHOTLA,-1,sesotho
1,TSEBISO EA SEPOLESA,0,sesotho
1,TONAKHOLO O PHALLELA BATHO BA TOROPO KA LIJO,1,sesotho
0,TONAKHOLO O LAETA MABONE A TSELENG TOROPONG,1,sesotho
1,LI HONDA FIT TSA SEPOLESA MOO TONAKHOLO A NTSENG A THAKHOLA KHANTŠO EA MABONE A MACHA,1,sesotho
0,MPHO EA MORENA E MO SHEBILE MAHLONG,1,sesotho
-1,BANNA BANA BA BATLOA,-1,sesotho
1,'MUSO O HANNE BOELETSI LIPAKI TSA CHELETE LI A BOLAOA,-1,sesotho
1,LEKHOTLA LE TŠELA MOKHA KA METSI A BATANG,-1,sesotho
1,MONNA O UTSOETSA KEREKE O BATOLOA LILEMO TSE LESHOME TORONKONG,-1,sesotho
1,BANNA BANA BA BATLOA KE SEPOLESA,-1,sesotho
-1,SEPETLELE SE SEHOLO SA TEROPO,0,sesotho
1,TONAKHOLO O TLO BUA LE SECHABA,0,sesotho
1,BA RE BAHLOMPHEHI BA LELEKOE PARAMENTENG,-1,sesotho
-1,MOKHETHOA OA KHEKHETHANE TLASA SEKHELE SA MOKHATLO,0,sesotho
-1,LEHLOA LE TJENA KA THABENG,0,sesotho
-1,PHETOLO EA PUSO E KEKE EA PHETHAHALA,1,sesotho
-1,MOKHETHOA OA MOKHA O HANA MOTION OA HO HLOKA TŠEPO HO TONAKHOLO,1,sesotho
-1,LECHOBA LA MOETAPELE,0,sesotho
1,UTLOA TSE NCHA KA MOITHUTI OA SEKOLO EA HLOKAHETSENG LELAPA LA HABO LE NA LE MATHATA,-1,sesotho
-1,MAPARAMENTE A KENYA TŠISINYO EA HO HLOKA TŠEPO HO TONAKHOLO,-1,sesotho
1,'MUSO O ATOLOSA MOTLAKASE LIKHOEBO TSOHLE TSE LAKATSANG HO NKA KAROLO LI A MENGOA,1,sesotho
-1,TLALEHO EA SEPOLESA KA MOFU,-1,sesotho
-1,MAPOLESA A BATLISA KA MOFU OA MOSALI,-1,sesotho
-1,PETROL ATTENDANT E JA BATHO PETROLE,-1,sesotho
-1,TOROPO E NTSE E KENYA MABONE A MACHA,1,sesotho
1,LIKAPESO SEKOLONG SE PHAHAMENG,1,sesotho
1,NGOANANA EA QETANG HO FUOA LENGOLO KE MOFU TSE BOHLOKO HA LI FELE,-1,sesotho
1,LIKAPESO TSA SEKOLO LI BILE TJENA HOSENG KAJENO KA 9,1,sesotho
1,LEPARAMENTE LE LENG LE HLAHISA 'MALA OA LONA,-1,sesotho
1,NGOANANA O IPOLAELA BOIMA SETEREKENG,-1,sesotho
-1,MOETAPELE O LEBOHA SECHABA,1,sesotho
1,MOOKAMELI OA LEKALA O BEHA HLOOHO PANENG,-1,sesotho
-1,MOLEBELI KOMPONENG O RULELA MATLO,1,sesotho
1,MOITHUTO OA SEKOLO O ARABA BATSOALI BA LLANG,0,sesotho
-1,MOSALI O NYAMETSE,-1,sesotho
-1,MOROALLO OA METSI O HLASELA NAHA EA BOAHISANE,-1,sesotho
-1,TONAKHOLO LE MOIFO OA HAE KA MAAPARA KOBO A MATLE MOSE,1,sesotho
1,TONAKHOLO O ENTSE PUO AMERIKA A IPHUTHUMALITSE KA LEFITORI,1,sesotho
0,SEPOLESA SE KOPA THUSO,0,sesotho
-1,BANNA BANA BA TŠOEROE BA LAETSE LINKU KAHARA 'MOTOKARA,-1,sesotho
1,MASHOLU A ALUMINUM A HLAHILE KHOTLA,-1,sesotho
0,'MUSO O LOKISA BOROKHO BA MOTSE,1,sesotho
1,SEPOLESA SE QABETSOE,-1,sesotho
-1,MOTHO O THUNYETSOA LEFU MOTSENG,-1,sesotho
1,NGOANA EA LILEMO LI 16 O BOLAEA MOTHO,-1,sesotho
-1,LEBENKELE LE NKELOA THEPA EA BOIKOETLISO,-1,sesotho
-1,BAKHETHOA BA THUSA SECHABA KA TEMO,1,sesotho
0,BASEBETSI BA UTSOA M1.8 MILLION,-1,sesotho
-1,MAINDIA A IKOPANYA A NTŠA BEILE EA MOINDIA,1,sesotho
-1,LEPOLESA LE THOLISA MOSALI MOHOLO FONO,1,sesotho
1,RE KOPA HO BATLISOA KHOMO EA POHO HOHLE MOO E KA BONOANG E NYAMETSENG BOSIUNG BA 26/08/23,-1,sesotho
-1,MOKHETHOA O ITJA SEKHABABA,-1,sesotho
-1,SENYAMO,1,sesotho
1,HO QHALOA MANYALO A 13 KAJENO,-1,sesotho
-1,MOHOEBI OA LEINDIA O FUOA BEILE EA M500 000,-1,sesotho
-1,BAKHETHOA BA SOTHA MOKHA LETSOHO,-1,sesotho
-1,LEKALA LE NKA MOHOEBI KA LECHOBA,-1,sesotho
-1,SECHABA SE TLO IMONA MENOANA KA KHAHO EA LETAMO,1,sesotho
-1,MOHOEBI O FUOE BEILE O TLA ROBALA HAMONATE KAJENO,1,sesotho
-1,MONNA O KOENTSE M4 MILIONE EA 'MUSO,-1,sesotho
1,TSEBISO KA MESEBETSI EA LIHALAHALA,0,sesotho
-1,UTLOA MASISA-PELO A SETEREKENG,-1,sesotho
1,MOETAPELE O TSOA KA BAIL,1,sesotho
-1,BAITHUTI BA SEKOLO BA NYOFA MOOKAMELI BA RE A FOKOFE LE TENTE EA HAE BA RE BAOKAMELI BA SHEBE TLASE,-1,sesotho
1,UTLOA SE JELENG NGOANA EA FUMANOENG E LE MOFU,-1,sesotho
1,TOROPO E TLA U PHATHAHANYA U SOABE,-1,sesotho
1,MASHOLU A NKILE M75 000 SHOPONG MAOBANE,-1,sesotho
-1,BANNA BA TŠOARA  KAMPO BA LE MAPONA-PONA BA NKA MATSATSI A MABELI BA TSOLELANA,-1,sesotho
-1,TAXI E PHETHOHILE EABA EA BILIKA MOTSENG,-1,sesotho
-1,BA BOLAEA MOQHOBI LE MOTHUSI OA HAE MOTSENG,-1,sesotho
1,LEHLOA LE KHETHEHILE KA BONGATA LITHABENG,-1,sesotho
-1,TRUST FUND E KOPA TŠEHETSO,1,sesotho
1,POLELO MABAPI LE LIKETSAHALO TSE NTSENG LI ETSAHALA SEKOLONG,0,sesotho
-1,MAPOLESA A BOLAEA NGOANA SEKOLO,-1,sesotho
-1,BAITHUTI BA SEKOLO SE PHAHAMENG BA NGALA LIHLAHLOBO BA RE MANPOWER E EA BATELLA,-1,sesotho
-1,HO FUMANOA TAEMANE E KHOLOHALI 'MAENENG,1,sesotho
1,BANNA BA THUNYA BATHO SETEREKENG,-1,sesotho
0,MOSALI O SA NTSA NYOFA BATHO HAPE,-1,sesotho
0,BAREKI BA NAHA BA RE KHOEBO EA LIJO KE BAJI BA NYOLLA LI-PRICE HAO FIHLA KA SECHURANENG,-1,sesotho
-1,MAFURA A NYOLOHA HOSANE,-1,sesotho
-1,MASOLE A NAHA A TSOANG NTOENG A FIHLILE KAJENO,1,sesotho
1,MORUI O REKA NONYANA TŠEPE,1,sesotho
-1,MOSALI O BOLAEA NGOANA OA HAE SEPOLESA SE MO QHAULITSE,-1,sesotho
-1,NAHA E APERE KHOTSO,1,sesotho
-1,SEHLOPHA SE FOHLOA LIQOLA,-1,sesotho
1,BAITHUTI BA SEKOLO SE PHAHAMENG BA KHOATHISOA KA NKANE,-1,sesotho
-1,LORI EA MAFURA E CHA LORE,-1,sesotho
-1,MOKHA O ITLHOTHA LITLHOTSE,-1,sesotho
-1,LEHLOA LE NTSE LE KHETHEHA KAJENO,0,sesotho
-1,'MUSO O THIBELA MOHOEBI HO LOKISA TSELA HA ABIA BA RE KE MOSEBETSI OA BONA E LE 'MUSO OA HO LOKISA LITSELA,-1,sesotho
0,THUSO HO BASEBELISI BA KOMPONE,1,sesotho
-1,LEHLOA LE LEBELETSOE MAFELO A BEKE,0,sesotho
1,MOHOEBI O LOKISA LITSELA HARA TOROPO BAPOLOTIKI LLA KAHORE OA IKETA,-1,sesotho
1,TONAKHOLO O SHAPA BOHANYETSI KA KOEPERE,1,sesotho
1,BAKHANNI BA HLOKOMELISOA HO QOBA TSELA E KHOLO,-1,sesotho
-1,MAJOE A OETSE KA HARA TSELA,-1,sesotho
1,SECHABA SE TSIETSING NAHENG E MOSE,-1,sesotho
-1,KOMPONE E FANA KA LITSOALA HO BASEBELISI BA LITŠEBELLETSO,1,sesotho
1,BAAHI BA KOETSE TSELA,-1,sesotho
-1,MOTHUSI OA MOLETSA PHALA O PHAHAMISA FOLAKHA EA NAHA,1,sesotho
1,TSELA E SE E BUTSOE KA KHOFU,1,sesotho
1,MOBU O HELEHELA KA TSELENG,-1,sesotho
1,BOROKHO BA 'MILIKANE BO OELE,-1,sesotho
-1,KOTSI E MPE SETEREKENG,-1,sesotho
-1,SEBINI SA 'MINO OA FAMO SE FUOA KHAU,1,sesotho
-1,MORENA OA SETEREKE KE MOFU,-1,sesotho
-1,BOROKHO BO BOHLOHILE,-1,sesotho
0,BATHO BA BANE LE NGOANA BA CHA LORE KOTSING EA KOLOI,-1,sesotho
-1,MOTHEHI OA OELESE KE MOFU,-1,sesotho
-1,LENOMORO LE FENETHOA MOKETENG,-1,sesotho
-1,LENOMORO LE NOMOROA KE SECHABA,-1,sesotho
-1,SEPETLELE SE FEPA BAKULI MAHLABISA LIHLONG,-1,sesotho
-1,BANNA BA MARECRUIT BA MAPOLESA BA KHAKHATHA SECHABA,-1,sesotho
-1,SESOLE SE LETŠOLONG,-1,sesotho
-1,BOBOLU BA SEKOLO SE PHAHAMENG BO HLAHISA HLOOHO,-1,sesotho
-1,MOSHANYANA EA ROAKANG BASALI PELA SHOPO,-1,sesotho
-1,MONNA O RE SECHABA SE NYATSA LITABANE KAHONA HA A SA HLOLA A LE BEHA KAHARA NAHA,-1,sesotho
1,KAJENO LIPONTŠO TSA LEFATŠE LI SHEBILE NAHA,1,sesotho
-1,TONAKHOLO O RE LE TSAMAE KA LIKARETE TSA HO ENTA,1,sesotho
-1,LEKHOTLA LE AHLOLELA LELAPA LA MOFU,1,sesotho
-1,MORA OA TONAKHOLO KE SESOSA SA MAFU A BANNA BA BABELI O ILE A TSEKA HO KHANNA KOLOI EA 'MUSO,-1,sesotho
-1,SEPOLESA SE BATOLA BAITHUTI KA LIKULO TSA RABARA,-1,sesotho
-1,BOIPELAETSO KA SEKOLONG SE PHAHAMENG,-1,sesotho
-1,LETONA LA MEHLENG KE MOFU,-1,sesotho
-1,MONNA O FUMANOA A EPETSOE KA JARETENG,-1,sesotho
-1,LEHLOA LE TLO KHETHEHA HAPE PELE HO MAFELO A BEKE,0,sesotho
-1,TOROPO E NTSE E BONESOA HO TSOELAPELE,-1,sesotho
-1,MOSALI O LLA KA LANDLORD E UTSOANG LIJO HA A LE SIEO,-1,sesotho
-1,MOSALI O HLOKA THUSO NAHENG EA BOAHISANE,-1,sesotho
1,BANKA E KHOLO E ETSA CHELETE HO TLOTLISA TSOALO EA MORENA,1,sesotho
-1,UTLOA LITABA TSA MOQHOBI EA THUNYELITSOENG MOTSENG,-1,sesotho
1,MOSALI O BOLAOA KE PELEHI SETEREKENG,-1,sesotho
-1,SEBINI SE ETSA MOHLOLO SE FA SE SENG MPHO EA M10 000,1,sesotho
-1,SEPOLESA SE RE MAQEPHE A FACEBOOK A LESHANO,-1,sesotho
-1,KOTSI E MPE EA MAKOLOI,-1,sesotho
1G,KAROLO EA KOMPONE E CHELE KAJENO,-1,sesotho
-1,SESOLE SE KETEKA BOIPUSO NTOENG,1,sesotho
1,MONNA EA BOLAILOENG KE MAPOLESA O BOLOKILOE,-1,sesotho
1,SEFAKO SE LINAKA SE METLETSANA TOROPO,-1,sesotho
-1,KOMPONE E NYOLLA MOTLAKASE BA RE BA O NYOLLA KHOELI ENA E TLANG,-1,sesotho
1,SPRINTER SE SOAHLAMANA KOLOING EA MAFURA TOROPONG,-1,sesotho
-1,BANNA KE MASHOLU EBILE KE BABOLAI,-1,sesotho
-1,KOLOI E UTSUOE  MOTSENG BOSIUNG BA MAOBANE,-1,sesotho
-1,KOTSI E NYAROSANG HA MORUTHOANE,-1,sesotho
1,UTLOA LITABA TSA MOSALI EA BOLAILOENG SETEREKENG,-1,sesotho
-1,TONAKHOLO O LOKISA LITSELA,1,sesotho
-1,MASOLE LE MAPOLESA BA LLA SEBOKO,-1,sesotho
-1,BASEBETSI BA NGALA MOSEBETSI BA RE MOHIRI KE MOIKHANTŠI OA MOPOLOTIKI,-1,sesotho
-1,MOOKAMELI O RE BASEBETSI BA TSOE MARANG RANG,0,sesotho
1,BO 'ME BA NKHISETSANE MEFUFUTSO BA KHOTHOMETSANA HO FIHLELA E MONG A KOQAMA E MONG HOLIMO,-1,sesotho
-1,BAHLANKA BA LLA KA HORE BA QOBELLOA HO ENTA KE KA MORA HORE 'MUSO O SHEBE KA HO BONA,-1,sesotho
1,MOHOEBI O REKA SEFOFANE SE SECHA O HLOLISA 'MUSO,1,sesotho
-1,'MUSO O ENTA BATHO BOHLE HOSA KHETHOLLOE SECHABA KAOFELA SE BULETSOE,1,sesotho
-1,MANOMORO A TSOANG TLHABOLLONG A SE A BOLAILE LENOMORO BA MOHLABILE KA THIPA,-1,sesotho
-1,E NTSE E LE LILLO KAMORA HORE KHASE E PHAHLOHE,-1,sesotho
1,MOHOEBI O LOKISA BOEMAFOFANE KA CHELETE EA HAE,1,sesotho
1,'MUSO O TLO FUMANA LIPALO TSE LING,1,sesotho
-1,SESOLE SE HLALOSA 'NETE EA SE JELENG LESOLE,1,sesotho
1,BARALI BA FENETHA 'MABONA TOROPONG,-1,sesotho
1,MONNA O TLA HOEHLA LILEMO TSE HLANO TERONKONG KE HO SE HLOKOMELE BANA BA HAE,-1,sesotho
-1,MOSHANYANA O MO KHAKHATHELA HO HANA HO BUA LE EENA KA TSA LEFEREHO,-1,sesotho
1,'MUSO O TLA THUSA SHOPO KA 15 MILLION FEELA E LE LOAN,1,sesotho
-1,MONNA EA FUMANOENG HAHA LE MOSALI OA MOTHO O QOSOA M5500 LEKHOTLENG LA MORENA MOKHOTLONG,-1,sesotho
-1,MONNA O FETOLA MORALI OA HAE MOSALI,-1,sesotho
0,BA NKA KOLOI EA HAE KA LITHUNYA,-1,sesotho
-1,TSA MORAO RAO MORERONG OA TOKISO EA LITSELA,1,sesotho
1,SECHABA SE ETSA 'MESO KA 'MOLAI OA BATHO BA BABELI,-1,sesotho
-1,LEFAPHA LE AMOHELA LI MILLION TSE HLANO LE MAKOLOI A REKUOENG KA CHELETE EA BOSHOLU,1,sesotho
-1,LEHLOA LE PAKILE HAHOLO QOBANG MAETO A THABENG HA JOALE,-1,sesotho
-1,BA FUMANOA KA LITHETHEFATSI,-1,sesotho
0,TSE BOHLOKO,-1,sesotho
1,BAITHUTI BA SEKOLO SE PHAHAMENG BA KHALEMELLOA HO ICHAEA NTLOABE,-1,sesotho
-1,BAITHUTI BA SEKOLO SE PHAHAMENG BA RE MAPOLESA A BA BOLAE KAOFELA,-1,sesotho
-1,MOETAPELE O TŠOEROE NAHENG EA BOAHISANE,-1,sesotho
-1,BANNA BA 5 BA NKELA LEBENKELE CHELETE HA HO LIKOTSI TSE TLALEHILOENG KAHA BA THUNYELITSE HOLIMO,-1,sesotho
-1,BAETAPELE BA KHEKHETHANE BA PHINYETSOA KE NAKELI,-1,sesotho
-1,TONAKHOLO O TLA PHETHOLA LEKOETE LA TSELA TSE PALAMENG MANE TSELENG E KHOLO BOESA,1,sesotho
-1,LEFU LA TŠOENE LE QHOMA NAHENG EA BOAHISANE,-1,sesotho
-1,MOFU OA ITOANELA NUL,-1,sesotho
-1,MOSALI O NEHELA MOEA A NTSE A BETOA,-1,sesotho
1,MOKHATLO O THOPHOTHETSA THUTO KA TLHEKEFETSO,1,sesotho
0,MOLOI O TŠOAROA HOTELENG,-1,sesotho
0,MAPOLESA A THIBELOA HO EA JOALENG BOSIU,0,sesotho
-1,LESOLE LE FANA KA THUTO E MATLA SEKOLONG,1,sesotho
-1,BACHA BA RE MOLAO O MASOBA,-1,sesotho
-1,SENOKOANE SE AHLOLOA LILEMO TSE 54 TOROPONG,-1,sesotho
1,BATHO BA NTŠA TONAKHOLO MEJO HANONG,-1,sesotho
1,BONA TŠENYO E BAKILOENG KE BATHO,-1,sesotho
-1,AUSI O EA NGAKENG,1,sesotho
-1,KOMPONE EA MARANGRANG E RE SEJO SENYANE HA SE FETE MOLOMO,1,sesotho
-1,LIFOTO TSA MOFUMAHALI OA SEBOHOLI LI TŠOARA SECHABA HABOHLOKO,-1,sesotho
-1,MOSALI O NEHELA MOEA A NTSA A BETOA,-1,sesotho
-1,'MUSO O HLOTSOE HO PHOLOSA LEBENKELE,-1,sesotho
-1,LELAPA LA SEBINI LE TOSA PUO,0,sesotho
1,HO THOE BANNA BA UTSOITSE M150 000 BETHENG,-1,sesotho
-1,LIKOETA LI FENETHA LESOLE,-1,sesotho
1,MOPOLOTIKI O PHOQA LEQHEKOANA,1,sesotho
0,SESOLE SE THULANA LE MOKHA,-1,sesotho
-1,HAO HLOKE MOLIMO HORE O RUOE,-1,sesotho
-1,HO PHUTHOA LITOPO TSE 53 NOKENG,-1,sesotho
0,TONAKHOLO O ETELA MOPORESITENTE,1,sesotho
-1,MAKHOMOSHA A 11 A TŠOAROA,-1,sesotho
-1,NKHONO O HLAISA PUO KA SETLOHOLO SE TŠOEROENG,-1,sesotho
-1,MOSHANYANA A LILEMO LI 17 O TŠOAROA A BETA MOKOKO,-1,sesotho
-1,LEBENKELE LA LIJO LE TLO BULOA,1,sesotho
-1,BAKULI BA EANG SEPETLELE BOSIU BA MATHATENG,-1,sesotho
-1,NTLO EA MONNA E FEFOHILE,-1,sesotho
-1,SEPETLELE SE NTŠA POLELO KA NGAKA E QOSOANG,-1,sesotho
1,BATHO BA 16 BA TŠOAROA BA SENA LITOKOMANE,-1,sesotho
-1,MASOLE A KIBAKIBA KA M12 MILIONE HAPE,1,sesotho
-1,MONNA O JELE LICHELETE TSA RONA,-1,sesotho
-1,NGOANA O INOLOA KA LETAMONG,1,sesotho
-1,SEPOLESA SE KOPA HO BATLISOA BANNA BA BOLAILENG LELAPA LA BATHO BA 4 LE MOLISANA OA LONA,-1,sesotho
-1,MOSALI O HANA CHELETE,-1,sesotho
-1,BATHO BA CHAISITSOENG KE LEPHELE BA NTSE BA PHELA,1,sesotho
-1,BANNA BA TSOAROA KA BOSHOLU,-1,sesotho
-1,MOPOLOTIKI O TŠOELA HO SECHOA HOA E MONG KA MATHE,-1,sesotho
-1,NGAKA EA LEKOEREKOERE E TŠOEROE,-1,sesotho
1,MORENA O OA LLA,-1,sesotho
-1,LESHOLU LE IPATA KA HARA PHOOFO,-1,sesotho
1,KOMPONE EA MARANG-RANG E OTLOLLA TABA,1,sesotho
-1,LINKU TSE ROBELI LI NYAMETSE,-1,sesotho
0,SEBINI SE PHOQILE SECHABA,-1,sesotho
1,MOPOLOTIKI O RE SEPOLESA SE POTA-POTILE HA HAE KA LITHUNYA,-1,sesotho
-1,BAITHUTI BA TINNGOE EA MALAENE,-1,sesotho
1,TONAKHOLO O LAETILE TOROPO KA BOBOLU,-1,sesotho
1,UTLOA MELEKO EA LEKALA LA 'MUSO,-1,sesotho
1,MONNA O ROTELA MAFOSISA,1,sesotho
-1,SEBOULELI KHOTLA KA POLAO EA NYATSI,-1,sesotho
-1,SEKARAPA SA MONNA SE REKISOA M3.3 MILIONE,-1,sesotho
-1,BAPOLOTIKI BA KHALEMA MOPARAMENTE HO HLEPHA KA HANONG,-1,sesotho
-1,SEBINI SA MOKHA SE THUNTSOE,-1,sesotho
-1,MOAPOSTOLA O FOLISA MONNA,1,sesotho
1,MAHLABISA LIHLONG A MEPUTSO,-1,sesotho
-1,MOPARAMENTE O TŠOEROE KA PHIEO,-1,sesotho
1,TONAKHOLO O BATLA HO LELEKA KOMISHINARA,-1,sesotho
1,BAITHUTI  HA BA ESO ABELOE MANGOLO,-1,sesotho
-1,KOMISHINARA E NYELISA LEKHOTLA,-1,sesotho
1,NGOANANA O NYAMETSE,-1,sesotho
-1,MONNA O BATLA HO OKAMELA MOKHATLO,1,sesotho
1,NTHO LI SENYEHILE LEBENKELENG,-1,sesotho
-1,MOPARAMENTE KHOTLA,-1,sesotho
-1,MOPOLOTIKI O EMISA NAHA,-1,sesotho
1,MARABELE A MAKATSA MASOLE,-1,sesotho
1,SECHABA SE NOA METSI A KEREKE FEELA LETONA LE NYEFOLA TUMELO,-1,sesotho
-1,BATHO BA BUANG HAHOLO BA BITSOA KHOTLA,-1,sesotho
1,MOKHETHOA O REKELA SEPOLESA,1,sesotho
-1,NYATSI E ABELOA M1 MILONE MONGA MONNA O TSOA KA LEHE,-1,sesotho
1,HARE LEBOHISENG BAKHANNI,1,sesotho
1,TONAKHOLO O FA MASOLE CHELETE,1,sesotho
-1,LEPOLESA LE RAHA MONNA KA MARETENG HA A ITLHALOSA,-1,sesotho
-1,BONA NOMORO POLATA EA LIKOLOI TSA SEPOLESA,0,sesotho
-1,LEKHOTLA LE MO AHLOLA 'MOHO LE MORALI LE SETLOHOLO SA HAE,-1,sesotho
-1,KHELE LITABA TSA TONAKHOLO,0,sesotho
0,RE LOKELA HO HIRA MASOLE A MACHA KA HA PALO EA MASOLE ESE THEFULEHILE,1,sesotho
-1,HA MOTHO A SA BE BE KAROLO EA BOTHATA HA HO BONOLO HO UTLOISISA MATHATA A SECHABA,0,sesotho
-1,MOSUOE O LELEKOA KAMORA HORE BANA BA SHOELLE MOPHATONG MOTSENG,-1,sesotho
-1,MOSALI O AHLOLOA LIKETE TSE LESHOME KA HO SIA BANA BA HAE,-1,sesotho
-1,BOROKHO BA SETEREKENG BO KHAOHILE,-1,sesotho
-1,MONNA O HLASELOA KA LITHUNYA SETEREKENG,-1,sesotho
1,UTLOA SE ETSAHETSENG KA MOSHEMANE EA SHOELETSENG MOPHATONG SETEREKENG,-1,sesotho
-1,BONA BANNA BA SETEREKENG BA BELAELLOANG POLAONG EA LITHO TSA LELAPA,-1,sesotho
-1,MOQHOBI OA LEPHELE O BOLAEA E MONG BA TSEKA BAETI,-1,sesotho
-1,MOSALI LE BARA BA UTSOA LINKU SETEREKENG BA LI HLABA,-1,sesotho
-1,BASHEMANE BA SHOELLA MEPHATONG,-1,sesotho
1,MOHLANKA O QHAUTSOA KA BOQHEKANYETSI BA CHELETE,-1,sesotho
-1,BO-PULAMALIBOHO BA FUOA THUPELO KE SEPOLESA,1,sesotho
-1,LIKAPESO TSA SEKOLO SA THUPELO EA BAOKI,1,sesotho
-1,UTLOA NA TONAKHOLO O RENG KA LIPAPALI BAKENG SA NAKO E TLANG,0,sesotho
-1,KOTSI E MPE EA KOLOI SETEREKENG SANTENG,-1,sesotho
-1,BONA MOSALI EA QOSOANG KA HO NTŠA MAKUNUTU A 'MUSO,-1,sesotho
-1,MOENA O BOLAEA MOHOLOANE OA HAE KA BAKA LA MAHLAPA,-1,sesotho
-1,MOSHEMANE EA SHOELETSENG MOPHATONG O FUMANOE A LE METOPA EA HO SHAPUOA,-1,sesotho
-1,MOSALI OA SETEREKENG O PHETHA MASISA-PELO KA LENYALO LA HAE,-1,sesotho
1,BANNA BA HLAHELLA HAPE KA PEL'A LEKHOTLA KA BOSHOLU BA THEPA,-1,sesotho
-1,MOSHANYANA OA SETEREKENG O NYAMETSE NAHENG EA BOAHISANE,-1,sesotho
-1,MOOKAMELI OA SEPOLESA O ABELA LITEREKE LIKOLOI TSE NCHA,1,sesotho
-1,LETONA LE ETETSE MOTSENG HO KOPELA SECHABA SETSI SA BOPHELO,1,sesotho
-1,NKHONO O THUNYETSOA LEFU SETEREKENG KA PELAELLO EA BOLOI,-1,sesotho
1,MONNA O LLELOA KE LITŠEPE KA POLAO EA MOHOLOANE OA HAE,-1,sesotho
-1,BANNA BA BOLAEA MOTHO KA LEBAKA LA LENTSOE MONNA,-1,sesotho
-1,BASHANYANA BA SHOELETSENG MOPHATONG SETEREKENG BA BOLOKILOE,-1,sesotho
1,BONA MOSEBETSI O MOTLE OA BARUTOANA BANA KHELEE,1,sesotho
-1,MOSALI O RE BANA BA KHUTLELE HO LEQHEKU LE BA BETE,-1,sesotho
-1,BONA BAOKAMELI BA BANYANE BA SESOLE,1,sesotho
-1,MONNA O LITLAMONG KA PELAELLO EA HO HLEKEFETSA KA MOTABO,-1,sesotho
1,MONNA O SA TSOA THUNNGOA SETEREKENG,-1,sesotho
-1,MOSALI O QHALA KEMARO LE HO LAHLELA SETOTSOANA KA NTLOANENG,-1,sesotho
-1,NGOANANA EA NYAMETSENG SETEREKENG O RE O KOETETSOE O KA HARA MOCUCU O MOHOLO,-1,sesotho
1,NAHA E KETEKA LETSATSI LA PEHO EA LIHLOMO FATŠE,1,sesotho
-1,LETONA LA BOPHELO LE BULA CLINIC SETEREKENG,1,sesotho
-1,BATHO BA BAHLANO BA THUNYETSOA LEFU SETEREKENG,-1,sesotho
-1,SEPOLESA SE QHAUTSA LESHOLU,1,sesotho
-1,BANNA BA BABELI BA QOSOA KA POLAO EA MOTHO,-1,sesotho
-1,MOQHOBI OA LEPHELE O THUNYETSOA LEFU SETEREKENG,-1,sesotho
-1,NGOANANA EA ILENG A BETOA LE HO BOLAOA O OA BOLOKOA MOTSENG,-1,sesotho
-1,LITHO TSA 'MELE EA BATHO LI FUMANOA KA HARA NKHO SETEREKENG,-1,sesotho
-1,SETOTSOANA SE FUMANOA SE LAHLETSOE KA HARA JARETE EA MOTHO SETEREKENG,-1,sesotho
0,BARUTOANA BA SEKOLO BA HOBOSA TICHERE,-1,sesotho
-1,SEKHUKHUNI SE BONOA KE SEBATALATSI,-1,sesotho
-1,SETOPO SA NGOANANA SE FUMANOA KA LENGOPENG MOTSENG,-1,sesotho
-1,SEHLOPHA BA BOLO SE ITLHAPHOTSE KA MOFETO O MAQA A LISUMA KAJENO,1,sesotho
-1,MOSHANYANA O FUMANOA A NTSE A IMENYA-MENYA KA TONKI,-1,sesotho
-1,MOLOI O TŠOAROA HAHA KE MONGA LELAPA,-1,sesotho
-1,MONNA OA MOLATA O FUMANOA KA HOBA LE SEKOLO KA THEKO HO MOLAO SETEREKENG,-1,sesotho
0,MOTHO O THUNYETSOA LEFU SETEREKENG,-1,sesotho
-1,SECHABA SA QHAUTSA LESHOLU SETEREKENG,-1,sesotho
-1,E MONG OA BANANA BA BOLAUOENG O OA BOLOKOA,-1,sesotho
-1,BAITHUTI BA SEKOLO BA KOPANE LE PELA LIFALLA MAOBANE BOSIU SETEREKENG,-1,sesotho
-1,MONNA O SHOELLA MOTHAMAHANE SETEREKENG,-1,sesotho
-1,SESOLE SE KHALEMA LITLOKOTSEBE,1,sesotho
-1,MOSHANYANA O BETA NGOANA EA LILEMO LI HLANO,-1,sesotho
-1,BAITHUTI BA SEKOLO BA LAHLELOA NTLOANA-TŠOANA,-1,sesotho
-1,MOSALI O JOOA CHELETE KA SEHLOHO KE MOCHELIETE OA FACEBOOK,-1,sesotho
-1,MOSALI O UTSOA PHONE KOLOING EA BAETI SETEREKENG,-1,sesotho
-1,KOMPONE E FAFATSA LI MUSK TSA MAHALA KA HARE HO SETEKERE,-1,sesotho
1,BASHANYANA BA BETILENG LE HO BOLAEA BANANA KHOTLA KAJENO,-1,sesotho
-1,MOSHANYANA O BETA KHAITSELI EA HAE,-1,sesotho
-1,BASHANYANA BA BOLAILENG MOITHUTI OA SEKOLO KHOTLA,-1,sesotho
-1,MONNA O IPOLAEA KA HO IPHANYEHA MOTSENG,-1,sesotho
-1,BABELAELLOA POLAONG EA MOITHUTI OA SEKOLO BA LITLAMONG TSA SEPOLESA,-1,sesotho
-1,TABA E NYAROSANG,-1,sesotho
0,MOLAOLI OA SESOLE O BUILE KA THATA HOLIMA LESOLE LA HAE SETEREKENG,-1,sesotho
-1,MOSALI E MONG O HLAHELOA KE TSIETSI HAPE KOLOING EA 4+1,-1,sesotho
-1,SEPOLESA SE KOPA HO BATLISOA LESHOLU LA CHELETE EA 'MUSO,-1,sesotho
-1,MONNA O HLASELOA LE HO CHESETSOA NTLO MOTSENG,-1,sesotho
-1,MONNA O PHONYOHA LEFU MOTSENG,-1,sesotho
-1,COMMANDO CORPORAL O TLA BOLOKOA,-1,sesotho
-1,BASALI BA PITIKI BA SHAPA MONNA A LE POSHO LE HO MO TENTŠA THETHANA,-1,sesotho
-1,MOLISANA O OA THUNNGOA MOTSENG,-1,sesotho
-1,MONNA O QETA HO THUNYETSOA KAPELA MOSALI OA HAE,-1,sesotho
-1,MONNA EA CHAISITSENG MOTHO KA KOLOI ABA TIMELA O TŠOEROE,-1,sesotho
-1,MONNA EA BOLAUOENG KE KOLOI O NE A ENA LE BOTHATA BA KELELLO,-1,sesotho
-1,TSA MORAO-RAO TSA LITOPO TSE FUMANOENG MATHEBE,-1,sesotho
-1,PHUTHEHO E SENYA MORUTI LITŠOBOTSI KA LEBAKA LA KOLEKE,-1,sesotho
-1,MOSALI KHOTLA KAMORA HO TŠOSA E MONG KA LEFU HO TSEKOA MONNA,-1,sesotho
1,LINOKOANE LI NKELA MACHINA CHELETE TOROTSOANENG,-1,sesotho
-1,HO FUMANOA SETOPO SA MONNA SE RAPALETSE KA 'MILENG,-1,sesotho
-1,MOETAPELE O ETELA MALAPA A BAFU BA TIMETSENG KOTSING EA KOLOI,-1,sesotho
1,BANNA BA QHAUTSOA KE SEPOLESA BA NTSE BA CHEKA LEBITLA BOSIU,-1,sesotho
-1,MONNA O FUMANOA A TLANTLUOE HLOOHO E LE SETOPO,-1,sesotho
-1,MONNA O NYAMELA KA MOHLOLO SEPOLESENG,-1,sesotho
-1,MONNA O AHLOLOA LILEMO TSE 10 KAMORA HO BETA NGOANA,-1,sesotho
-1,SECHABA SE TLA PHALLELOA KA PHOOFO EA 12.5 LE LINAOA TSA 5KG,1,sesotho
-1,MAKHOMOSHA A FETANG 96 A EA QHAUTSOA,-1,sesotho
0,BO-RALITAPOLE BA LLISA BAREKI BA TSONA,-1,sesotho
1,MOHOEBI O REKELA SEHLOPHA SA BOLO BOEMO,1,sesotho
-1,MOKHOTHALETSUOA O HOKELLA SECHABA MOTLAKASE,1,sesotho
-1,MORENA O SE A QHALILE PARAMENTE,-1,sesotho
-1,BAREKI BA LLA KA BAITŠOKULI SETEREKENG,-1,sesotho
-1,MOETAPELE O SIA M45 300 SETEREKENG,1,sesotho
1,MONNA O FUMANA LESEA LA HAE LA PELE A LE LILEMO LI 83,1,sesotho
-1,SECHABA UTLOANG MELEKO EA 'MUSO OA MAKHOOA A MABELI,-1,sesotho
-1,MONNA O HLABA NYALASI HAPE,-1,sesotho
-1,BABELAELLOA BA BOSHOLU BA EA BOLAOA MOTSENG,-1,sesotho
-1,MOTSOETSE EA LILEMO LI 20 O IPOLAEA KA  CHEFU,-1,sesotho
-1,MOSALI O QOSOA KA BOSHOLU BA THEPA EA MOO A SEBETSANG,-1,sesotho
-1,PHATLALATSO EA SEPOLESA,0,sesotho
0,LEKHOTLA LE BA FUMANE BA LE MOLATO,-1,sesotho
1,NAHA E KETEKA LETSATSI LA BATHO BA NANG LE BOKOOA BA KELELLO,1,sesotho
-1,BABELAELLOA LIPOLAONG TSA BATHO BA LLELOA KE LITŠEPE,1,sesotho
1,LIPAROLA-THOTA TSA SEPOLESA LI NYOLLA FOLAKHA,1,sesotho
-1,LEKHOTLA LA BAITHUTI BA SEKOLO SE AMOHELA SEAPARO,1,sesotho
1,KOMPONE E NEHELANA KA KOLOI HO SEPOLESA,1,sesotho
1,MOHLOMPHEHI TONAKHOLO O FIHLA SETEREKENG MOO A AMOHELOANG KE LIPALAMI TSA LIPERE,1,sesotho
1,BANKA E NANABETSA LETSOHO HO SEPOLESA,1,sesotho
